0,1574290128,1574290129,0,-12.57,-2.5,5.72658,0.000216795,-83.787,0.001870829,-17.45112,0.001080278
1,1574290139,1574290141,0,-15.07,-2.5,3.19492,0.000370135,-57.1394,0.001516575,-10.80854,0.001497665
2,1574290149,1574290150,0,-17.57,-2.5,1.63126,0.000823408,-40.1352,0.003271085,-6.99084,0.001738678
3,1574290157,1574290158,0,-20.07,-2.5,0.66976,0.001171751,-29.6702,0.011691878,-4.869,0.002559297
4,1574290165,1574290166,0,-22.57,-2.5,-0.0055,0.000122474,-22.3604,0.001516575,-3.51846,0.000328634
5,1574290174,1574290175,0,-25.07,-2.5,-0.45244,0.000167332,-17.58752,0.000238747,-2.71728,0.000164317
6,1574290182,1574290183,0,-27.57,-2.5,-0.80016,0.000089443,-13.96258,0.000396232,-2.15338,0.000544977
7,1574290191,1574290192,0,-30.07,-2.5,-1.06188,0.004378584,-11.2862,0.001766352,-1.77358,0.004153553
8,1574290198,1574290199,0,-32.57,-2.5,-1.26496,0.000634823,-9.32886,0.000114018,-1.51082,0.000258844
9,1574290204,1574290205,0,-35.07,-2.5,-1.43062,0.000736206,-7.74752,0.006194514,-1.31848,0.000605805
10,1574290216,1574290217,0,-37.57,-2.5,-1.56212,0.000130384,-6.54904,0.000320936,-1.1778,0.000570088
11,1574290224,1574290225,0,-40.07,-2.5,-1.67266,0.000151658,-5.5667,0.000070711,-1.0707,0.000244949
12,1574290230,1574290231,0,-42.57,-2.5,-1.76574,0.000260768,-4.77404,0.00117601,-0.99028,0.000933809
13,1574290237,1574290238,0,-45.07,-2.5,-1.84242,0.000216795,-4.1415,0.000367423,-0.93414,0.000466905
14,1574290243,1574290244,0,-47.57,-2.5,-1.90982,0.000356371,-3.61286,0.001924318,-0.88198,0.000614003
15,1574290249,1574290250,0,-50.07,-2.5,-1.96952,0.000268328,-3.15196,0.000973653,-0.84386,0.000194936
16,1574290255,1574290256,0,-52.57,-2.5,-2.02226,0.000194936,-2.762,0.000308221,-0.81486,0.000926283
17,1574290263,1574290264,0,-55.07,-2.5,-2.06806,0.000089443,-2.42826,0.000219089,-0.78614,0.000270185
18,1574290269,1574290271,0,-57.57,-2.5,-2.10608,0.000268328,-2.15186,0.003530297,-0.76358,0.000831865
19,1574290278,1574290279,0,-60.07,-2.5,-2.14232,0.000268328,-1.90806,0.000320936,-0.74918,0.001018332
20,1574290287,1574290288,0,-62.57,-2.5,-2.17454,0.000219089,-1.69448,0.000443847,-0.7346,0.00087178
21,1574290295,1574290296,0,-65.07,-2.5,-2.20254,0.000219089,-1.50974,0.000167332,-0.72594,0.000336155
22,1574290303,1574290305,0,-67.57,-2.5,-2.23014,0.000207364,-1.34014,0.000240832,-0.71598,0.000228035
23,1574290312,1574290313,0,-70.07,-2.5,-2.25198,0.000130384,-1.19472,0.000443847,-0.70844,0.000134164
24,1574290319,1574290320,0,-72.57,-2.5,-2.27298,0.000286356,-1.06066,0.000114018,-0.7027,0.000244949
25,1574290327,1574290328,0,-75.07,-2.5,-2.29146,0.000384708,-0.94466,0.000151658,-0.69572,0.000408656
26,1574290334,1574290335,0,-77.57,-2.5,-2.3071,0.000234521,-0.83704,0.000194936,-0.69012,0.000506952
27,1574290343,1574290344,0,-80.07,-2.5,-2.32228,0.000311448,-0.73638,0.000044721,-0.6859,0.000316228
28,1574290350,1574290351,0,-82.57,-2.5,-2.33582,0.000044721,-0.647,0.000591608,-0.6821,0.000273861
29,1574290357,1574290358,0,-85.07,-2.5,-2.34648,0.000178885,-0.57062,0.000164317,-0.67724,0.000397492
30,1574290364,1574290366,0,-87.57,-2.5,-2.35482,0.000178885,-0.50248,0.000228035,-0.67746,0.00061887
31,1574290371,1574290372,0,-90.07,-2.5,-2.36428,0.000334664,-0.43692,0.000216795,-0.67532,0.000294958
32,1574290378,1574290379,0,-92.57,-2.5,-2.37076,0.000260768,-0.37668,0.000164317,-0.67028,0.000481664
33,1574290384,1574290385,0,-95.07,-2.5,-2.37606,0.000181659,-0.32298,0.000216795,-0.66678,0.001044988
34,1574290390,1574290391,0,-97.57,-2.5,-2.37976,0.000194936,-0.27212,0.000178885,-0.66222,0.000238747
35,1574290396,1574290398,0,-100.07,-2.5,-2.38448,0.000277489,-0.2273,0.000353553,-0.66002,0.000701427
36,1574290404,1574290405,0,-102.57,-2.5,-2.38712,0.000148324,-0.18512,0.000130384,-0.65786,0.000482701
37,1574290413,1574290414,0,-105.07,-2.5,-2.3886,0.000331662,-0.14706,0.000114018,-0.65982,0.000389872
38,1574290421,1574290422,0,-107.57,-2.5,-2.3899,0.000696419,-0.11504,0.000939681,-0.65546,0.00045607
39,1574290551,1574290552,0,-12.57,-5,11.1321,0.000728011,-71.6372,0.007981228,-32.8854,0.000894427
40,1574290558,1574290560,0,-15.07,-5,7.01358,0.000294958,-49.7838,0.00083666,-20.0288,0.001095445
41,1574290568,1574290569,0,-17.57,-5,4.58226,0.000114018,-36.5712,0.001923538,-13.22018,0.00139714
42,1574290574,1574290576,0,-20.07,-5,2.86556,0.001310725,-27.2192,0.007190271,-8.94228,0.001832212
43,1574290580,1574290581,0,-22.57,-5,1.73892,0.052844271,-21.104,0.285114889,-6.32696,0.016479169
44,1574290587,1574290588,0,-25.07,-5,0.9018,0.001111306,-16.58656,0.000896103,-4.76812,0.001247798
45,1574290592,1574290593,0,-27.57,-5,0.29672,0.004226937,-13.36968,0.022620721,-3.68314,0.007393443
46,1574290599,1574290600,0,-30.07,-5,-0.16388,0.000258844,-10.94486,0.000260768,-2.93692,0.000238747
47,1574290604,1574290605,0,-32.57,-5,-0.53154,0.000792465,-9.03646,0.001786897,-2.39482,0.001247798
48,1574290611,1574290612,0,-35.07,-5,-0.7976,0.0003,-7.6736,0.000367423,-2.03752,0.000630079
49,1574290616,1574290617,0,-37.57,-5,-1.0296,0.00087178,-6.51526,0.003297423,-1.75288,0.000549545
50,1574290623,1574290624,0,-40.07,-5,-1.21936,0.000167332,-5.58518,0.000216795,-1.54264,0.000541295
51,1574290629,1574290630,0,-42.57,-5,-1.38194,0.000181659,-4.80762,0.000914877,-1.37252,0.000414729
52,1574290645,1574290646,0,-45.07,-5,-1.5074,0.000254951,-4.21498,0.000248998,-1.25358,0.000396232
53,1574290651,1574290652,0,-47.57,-5,-1.62306,0.000320936,-3.6818,0.000070711,-1.15266,0.000167332
54,1574290657,1574290658,0,-50.07,-5,-1.7172,0.000254951,-3.26276,0.001599375,-1.078,0.001328533
55,1574290663,1574290664,0,-52.57,-5,-1.80248,0.000327109,-2.88296,0.000502991,-1.01172,0.000083666
56,1574290669,1574290670,0,-55.07,-5,-1.8757,0.000447214,-2.5642,0.000070711,-0.96032,0.000396232
57,1574290674,1574290676,0,-57.57,-5,-1.94002,0.000178885,-2.29608,0.000216795,-0.92172,0.000164317
58,1574290681,1574290682,0,-60.07,-5,-1.99626,0.000230217,-2.0567,0.000187083,-0.8879,0.000612372
59,1574290687,1574290688,0,-62.57,-5,-2.04774,0.000181659,-1.84384,0.000151658,-0.85674,0.000054772
60,1574290688,1574290689,0,-62.57,-5,-2.04804,0.000151658,-1.84334,0.000089443,-0.8575,0.000187083
61,1574290701,1574290702,0,-65.07,-5,-2.09434,0.000181659,-1.69356,0.000642651,-0.82488,0.000975705
62,1574290709,1574290710,0,-67.57,-5,-2.1351,0.0004,-1.49816,0.000207364,-0.82118,0.000216795
63,1574290716,1574290717,0,-70.07,-5,-2.17226,0.00061887,-1.35348,0.000614003,-0.79944,0.001397498
64,1574290729,1574290730,0,-72.57,-5,-2.20228,0.000204939,-1.2334,0.000070711,-0.78202,0.000432435
65,1574290737,1574290738,0,-75.07,-5,-2.22914,0.000194936,-1.12176,0.000089443,-0.77064,0.000409878
66,1574290742,1574290743,0,-77.57,-5,-2.25338,0.000268328,-1.02104,0.000577062,-0.75974,0.000634823
67,1574290752,1574290753,0,-80.07,-5,-2.27724,0.000439318,-0.92528,0.000342053,-0.74828,0.000402492
68,1574290759,1574290760,0,-82.57,-5,-2.29568,0.000277489,-0.84468,0.000238747,-0.73932,0.000268328
69,1574290767,1574290768,0,-85.07,-5,-2.31274,0.000250998,-0.76158,0.000277489,-0.72812,0.000414729
70,1574290774,1574290776,0,-87.57,-5,-2.32774,0.000207364,-0.6975,0.000141421,-0.7208,0.000308221
71,1574290782,1574290783,0,-90.07,-5,-2.34138,0.000327109,-0.63038,0.000164317,-0.71428,0.000178885
72,1574290792,1574290793,0,-92.57,-5,-2.35272,0.000109545,-0.5716,0.000244949,-0.70998,0.000756307
73,1574290802,1574290803,0,-95.07,-5,-2.3616,0.0003937,-0.515,0.0001,-0.70344,0.000598331
74,1574290811,1574290812,0,-97.57,-5,-2.37058,0.000164317,-0.46696,0.000207364,-0.6977,0.000578792
75,1574290818,1574290819,0,-100.07,-5,-2.3794,0.000374166,-0.42978,0.000454973,-0.69012,0.000420714
76,1574290824,1574290825,0,-102.57,-5,-2.38612,0.000109545,-0.38704,0.000207364,-0.68678,0.000759605
77,1574290831,1574290832,0,-105.07,-5,-2.39108,0.000294958,-0.34792,0.000228035,-0.68064,0.000320936
78,1574290837,1574290839,0,-107.57,-5,-2.39568,0.000311448,-0.31148,0.000216795,-0.6767,0.000339116
79,1574290954,1574290955,0,-12.57,-7.5,7.56696,0.000167332,-55.391,0.001224745,-40.08,0.002
80,1574290961,1574290962,0,-15.07,-7.5,5.04828,0.005233259,-41.2462,0.028577964,-25.5948,0.026696442
81,1574290967,1574290968,0,-17.57,-7.5,3.3012,0.000141421,-31.4442,0.340629858,-16.98186,0.001732917
82,1574290974,1574290975,0,-20.07,-7.5,2.05794,0.000167332,-24.069,0.001581139,-11.71768,0.00054037
83,1574290980,1574290981,0,-22.57,-7.5,1.2005,0.019085859,-19.0874,0.006835569,-8.50908,0.024348244
84,1574290987,1574290988,0,-25.07,-7.5,0.52158,0.000396232,-15.31976,0.000589915,-6.32314,0.000879204
85,1574290992,1574290994,0,-27.57,-7.5,0.01326,0.000371484,-12.47878,0.000349285,-4.85426,0.000650385
86,1574290998,1574290999,0,-30.07,-7.5,-0.38468,0.000248998,-10.28512,0.000248998,-3.82418,0.000801249
87,1574291003,1574291004,0,-32.57,-7.5,-0.68452,0.000531037,-8.66808,0.000342053,-3.13104,0.000336155
88,1574291009,1574291010,0,-35.07,-7.5,-0.93952,0.000228035,-7.3123,0.000122474,-2.59652,0.000294958
89,1574291015,1574291016,0,-37.57,-7.5,-1.14006,0.000320936,-6.26888,0.001202913,-2.21608,0.000576194
90,1574291020,1574291021,0,-40.07,-7.5,-1.31068,0.000192354,-5.40826,0.00061887,-1.92312,0.000645755
91,1574291025,1574291027,0,-42.57,-7.5,-1.45716,0.004004747,-4.68236,0.019259491,-1.69326,0.007585381
92,1574291036,1574291037,0,-45.07,-7.5,-1.58244,0.000151658,-4.06886,0.000167332,-1.51088,0.000593296
93,1574291042,1574291043,0,-47.57,-7.5,-1.67932,0.000192354,-3.61118,0.000178885,-1.38054,0.000357771
94,1574291049,1574291050,0,-50.07,-7.5,-1.77286,0.000151658,-3.17834,0.000134164,-1.26654,0.000207364
95,1574291055,1574291056,0,-52.57,-7.5,-1.85234,0.002751,-2.8259,0.015216274,-1.17754,0.010088261
96,1574291061,1574291062,0,-55.07,-7.5,-1.91976,0.000207364,-2.51542,0.000342053,-1.10552,0.000481664
97,1574291068,1574291069,0,-57.57,-7.5,-1.98394,0.000207364,-2.24414,0.000328634,-1.04424,0.000250998
98,1574291076,1574291077,0,-60.07,-7.5,-2.0362,0.0004,-2.01476,0.000151658,-0.99716,0.000194936
99,1574291082,1574291084,0,-62.57,-7.5,-2.0866,0.0002,-1.8001,0.000122474,-0.95228,0.000535724
100,1574291090,1574291092,0,-65.07,-7.5,-2.12474,0.000250998,-1.6362,0.000158114,-0.91966,0.000320936
101,1574291097,1574291098,0,-67.57,-7.5,-2.16506,0.000194936,-1.47118,0.000083666,-0.8889,0.000324037
102,1574291104,1574291105,0,-70.07,-7.5,-2.19912,0.000370135,-1.33036,0.000089443,-0.86502,0.000216795
103,1574291110,1574291112,0,-72.57,-7.5,-2.22652,0.000238747,-1.20824,0.001930803,-0.8434,0.000447214
104,1574291117,1574291118,0,-75.07,-7.5,-2.25882,0.000178885,-1.09748,0.000130384,-0.81968,0.000258844
105,1574291124,1574291125,0,-77.57,-7.5,-2.28484,0.000054772,-0.9954,0.0003,-0.80192,0.000277489
106,1574291131,1574291132,0,-80.07,-7.5,-2.30458,0.000248998,-0.90196,0.000219089,-0.7899,0.000724569
107,1574291137,1574291138,0,-82.57,-7.5,-2.32224,0.000114018,-0.81652,0.000248998,-0.77798,0.000584808
108,1574291143,1574291144,0,-85.07,-7.5,-2.33602,0.000286356,-0.7383,0.000608276,-0.77228,0.000892749
109,1574291149,1574291150,0,-87.57,-7.5,-2.34908,0.000268328,-0.66594,0.000482701,-0.76536,0.001169615
110,1574291159,1574291160,0,-90.07,-7.5,-2.36226,0.000114018,-0.60292,0.000192354,-0.75228,0.000637966
111,1574291165,1574291166,0,-92.57,-7.5,-2.37282,0.000370135,-0.54046,0.000230217,-0.7433,0.000244949
112,1574291173,1574291174,0,-95.07,-7.5,-2.38168,0.000204939,-0.48862,0.000258844,-0.73852,0.000506952
113,1574291178,1574291179,0,-97.57,-7.5,-2.3898,0.000874643,-0.43918,0.001796385,-0.72704,0.000736885
115,1574291191,1574291192,0,-100.07,-7.5,-2.39682,0.000402492,-0.39588,0.000083666,-0.7246,0.000644205
116,1574291203,1574291204,0,-102.57,-7.5,-2.40132,0.000044721,-0.35254,0.000089443,-0.71744,0.000832466
117,1574291210,1574291211,0,-105.07,-7.5,-2.40486,0.000089443,-0.3134,0.000158114,-0.7122,0.000234521
118,1574291221,1574291222,0,-107.57,-7.5,-2.4122,0.000484768,-0.27922,0.000130384,-0.70772,0.000258844
119,1574291287,1574291289,0,-12.57,-10,4.92858,0.000597495,-38.5894,0.004393177,-40.3396,0.004505552
120,1574291294,1574291296,0,-15.07,-10,3.55332,0.005252809,-31.238,0.030306765,-27.1378,0.004266146
121,1574291301,1574291302,0,-17.57,-10,2.43178,0.001035374,-25.096,0.003082207,-18.783,0.002394786
122,1574291308,1574291310,0,-20.07,-10,1.55174,0.000680441,-20.2782,0.005069517,-13.41334,0.004125894
123,1574291314,1574291316,0,-22.57,-10,0.86622,0.008348473,-16.52636,0.002312574,-9.86838,0.002522301
124,1574291323,1574291324,0,-25.07,-10,0.31458,0.000238747,-13.59866,0.000502991,-7.4619,0.000234521
125,1574291329,1574291330,0,-27.57,-10,-0.11302,0.000109545,-11.33188,0.000311448,-5.81244,0.004018457
126,1574291336,1574291337,0,-30.07,-10,-0.46722,0.000083666,-9.4795,0.000070711,-4.60294,0.000461519
127,1574291342,1574291344,0,-32.57,-10,-0.7459,0.000158114,-8.05112,0.000216795,-3.75498,0.000277489
128,1574291349,1574291350,0,-35.07,-10,-0.97922,0.000476445,-6.87478,0.000258844,-3.1162,0.000543139
129,1574291357,1574291358,0,-37.57,-10,-1.17542,0.000268328,-5.91042,0.000791833,-2.6349,0.000696419
130,1574291364,1574291366,0,-40.07,-10,-1.338,0.0002,-5.12794,0.000912688,-2.27096,0.000378153
131,1574291373,1574291374,0,-42.57,-10,-1.47054,0.000151658,-4.50296,0.000207364,-2.00064,0.000114018
132,1574291381,1574291382,0,-45.07,-10,-1.58938,0.000258844,-3.95594,0.000304959,-1.77916,0.000391152
133,1574291388,1574291389,0,-47.57,-10,-1.69294,0.000194936,-3.48688,0.000216795,-1.60384,0.00092358
134,1574291397,1574291398,0,-50.07,-10,-1.78276,0.000694982,-3.09074,0.000320936,-1.45868,0.000228035
135,1574291403,1574291404,0,-52.57,-10,-1.86074,0.000114018,-2.7543,0.000291548,-1.34848,0.000414729
136,1574291410,1574291412,0,-55.07,-10,-1.93074,0.000391152,-2.45548,0.000109545,-1.2498,0.0002
137,1574291417,1574291418,0,-57.57,-10,-1.99192,0.000164317,-2.1963,0.000187083,-1.17522,0.000258844
138,1574291431,1574291432,0,-60.07,-10,-2.046,0.000353553,-1.98222,0.000834865,-1.11524,0.000260768
139,1574291439,1574291440,0,-62.57,-10,-2.0962,0.000360555,-1.78696,0.000167332,-1.06308,0.000178885
140,1574291448,1574291449,0,-65.07,-10,-2.13658,0.000178885,-1.61956,0.000230217,-1.01444,0.000782943
141,1574291467,1574291469,0,-67.57,-10,-2.17698,0.000148324,-1.4597,0.000815475,-0.9791,0.000604152
142,1574291477,1574291479,0,-70.07,-10,-2.21346,0.000403733,-1.32234,0.000650385,-0.94318,0.000109545
143,1574291485,1574291486,0,-72.57,-10,-2.24542,0.001209132,-1.1948,0.000504975,-0.91244,0.001035857
144,1574291493,1574291494,0,-75.07,-10,-2.27,0.00074162,-1.08364,0.000998999,-0.88416,0.000384708
145,1574291503,1574291504,0,-77.57,-10,-2.29668,0.000605805,-0.98734,0.000691375,-0.86316,0.000531977
146,1574291510,1574291512,0,-80.07,-10,-2.3191,0.000122474,-0.89328,0.001434225,-0.84178,0.000481664
147,1574291517,1574291519,0,-82.57,-10,-2.3387,0.000141421,-0.81166,0.000194936,-0.82508,0.000925743
148,1574291526,1574291528,0,-85.07,-10,-2.35746,0.000114018,-0.735,0.000254951,-0.80484,0.000477493
149,1574291535,1574291536,0,-87.57,-10,-2.36454,0.000378153,-0.66714,0.001346477,-0.81088,0.002786934
150,1574291544,1574291545,0,-90.07,-10,-2.37934,0.000151658,-0.60496,0.000167332,-0.7959,0.000291548
151,1574291550,1574291552,0,-92.57,-10,-2.39008,0.000402492,-0.54826,0.000472229,-0.7834,0.000474342
152,1574291560,1574291561,0,-95.07,-10,-2.39616,0.000230217,-0.49308,0.000327109,-0.7748,0.000122474
153,1574291567,1574291568,0,-97.57,-10,-2.40394,0.000545894,-0.43788,0.000402492,-0.7654,0.0003937
154,1574291575,1574291576,0,-100.07,-10,-2.41088,0.000204939,-0.39432,0.000438178,-0.75558,0.000898332
155,1574291586,1574291587,0,-102.57,-10,-2.41522,0.000083666,-0.34578,0.000426615,-0.74824,0.000594138
156,1574291597,1574291598,0,-105.07,-10,-2.42102,0.000083666,-0.30556,0.000151658,-0.74016,0.000181659
157,1574291608,1574291610,0,-107.57,-10,-2.42642,0.000349285,-0.28166,0.000260768,-0.7355,0.0002
158,1574291720,1574291721,0,-12.57,2.5,10.59658,0.000432435,-77.9728,0.001095445,18.67608,0.001243785
159,1574291728,1574291729,0,-15.07,2.5,6.44308,0.000690652,-52.8878,0.003898718,10.39502,0.007378143
160,1574291734,1574291735,0,-17.57,2.5,4.06242,0.000303315,-38.2018,0.00130384,6.21244,0.002328734
161,1574291740,1574291741,0,-20.07,2.5,2.48418,0.001247798,-28.4616,0.054072174,3.79716,0.01126823
162,1574291746,1574291747,0,-22.57,2.5,1.3772,0.005074446,-21.6298,0.03139586,2.31334,0.00563143
163,1574291753,1574291754,0,-25.07,2.5,0.62114,0.000151658,-17.01864,0.000614817,1.42842,0.000481664
164,1574291759,1574291760,0,-27.57,2.5,0.05592,0.000178885,-13.613,0.000667083,0.84518,0.000420714
165,1574291766,1574291767,0,-30.07,2.5,-0.36988,0.000178885,-11.0729,0.000406202,0.45234,0.00068775
166,1574291772,1574291774,0,-32.57,2.5,-0.6954,0.000122474,-9.1679,0.000244949,0.18614,0.000798749
167,1574291781,1574291782,0,-35.07,2.5,-0.95946,0.000089443,-7.64986,0.000151658,-0.00712,0.000432435
168,1574291787,1574291789,0,-37.57,2.5,-1.1587,0.000254951,-6.53022,0.000228035,-0.13794,0.000089443
169,1574291794,1574291796,0,-40.07,2.5,-1.33266,0.000219089,-5.57242,0.000192354,-0.24074,0.000328634
170,1574291801,1574291803,0,-42.57,2.5,-1.4746,0.000264575,-4.80884,0.000230217,-0.31744,0.000826438
171,1574291810,1574291811,0,-45.07,2.5,-1.59378,0.000342053,-4.17946,0.000181659,-0.38002,0.000408656
172,1574291817,1574291818,0,-47.57,2.5,-1.69728,0.000258844,-3.64496,0.000270185,-0.42866,0.000517687
173,1574291825,1574291826,0,-50.07,2.5,-1.78306,0.000594138,-3.2113,0.000070711,-0.46116,0.001057355
174,1574291832,1574291833,0,-52.57,2.5,-1.86064,0.000089443,-2.83058,0.000294958,-0.4904,0.000758288
175,1574291839,1574291840,0,-55.07,2.5,-1.92446,0.000550454,-2.5155,0.000187083,-0.51548,0.000396232
176,1574291848,1574291849,0,-57.57,2.5,-1.98236,0.000240832,-2.24138,0.000465833,-0.53534,0.00061887
177,1574291858,1574291859,0,-60.07,2.5,-2.03412,0.000460435,-1.99812,0.000294958,-0.5526,0.000616441
178,1574291867,1574291868,0,-62.57,2.5,-2.07394,0.000151658,-1.7826,0.000331662,-0.56834,0.000998999
179,1574291874,1574291876,0,-65.07,2.5,-2.11408,0.000831865,-1.60598,0.001813009,-0.5795,0.000771362
180,1574291883,1574291884,0,-67.57,2.5,-2.15538,0.000356371,-1.4497,0.000122474,-0.59218,0.000294958
181,1574291891,1574291892,0,-70.07,2.5,-2.183,0.000158114,-1.31366,0.000288097,-0.60192,0.000465833
182,1574291900,1574291901,0,-72.57,2.5,-2.21398,0.00054037,-1.18018,0.000389872,-0.60768,0.000311448
183,1574291909,1574291910,0,-75.07,2.5,-2.23852,0.000816701,-1.0632,0.000406202,-0.61562,0.000501996
184,1574291916,1574291917,0,-77.57,2.5,-2.26006,0.000054772,-0.9653,0.000141421,-0.621,0.000447214
185,1574291922,1574291924,0,-80.07,2.5,-2.28204,0.000089443,-0.86606,0.000350714,-0.62542,0.000653452
186,1574291928,1574291930,0,-82.57,2.5,-2.29932,0.000083666,-0.7805,0.000187083,-0.628,0.000387298
187,1574291936,1574291937,0,-85.07,2.5,-2.31542,0.000389872,-0.7042,0.0002,-0.6314,0.000430116
188,1574291943,1574291944,0,-87.57,2.5,-2.32762,0.000370135,-0.64004,0.000665582,-0.63306,0.000207364
189,1574291949,1574291951,0,-90.07,2.5,-2.34056,0.000194936,-0.57612,0.000303315,-0.63644,0.000482701
190,1574291957,1574291958,0,-92.57,2.5,-2.3519,0.000141421,-0.51824,0.000260768,-0.63584,0.000194936
191,1574291967,1574291969,0,-95.07,2.5,-2.36074,0.000328634,-0.46638,0.000130384,-0.6383,0.000187083
192,1574291976,1574291977,0,-97.57,2.5,-2.36816,0.000507937,-0.41532,0.000311448,-0.63832,0.000258844
193,1574291983,1574291984,0,-100.07,2.5,-2.3745,0.0002,-0.3733,0.0002,-0.6374,0.000273861
194,1574291990,1574291991,0,-102.57,2.5,-2.37708,0.000303315,-0.32854,0.000779744,-0.63596,0.000684105
195,1574291997,1574291998,0,-105.07,2.5,-2.3823,0.000339116,-0.2924,0.000187083,-0.6354,0.000703562
196,1574292006,1574292007,0,-107.57,2.5,-2.39268,0.000408656,-0.26462,0.000286356,-0.63258,0.000349285
197,1574292563,1574292564,10,-12.57,0,39.4502,0.00363318,-27.3439,0.000781025,1.01838,0.000356371
198,1574292572,1574292574,10,-15.07,0,26.9194,0.001949359,-23.65944,0.000873499,0.39838,0.000990959
199,1574292579,1574292581,10,-17.57,0,18.37588,0.002826128,-19.80628,0.000952365,0.01684,0.000958123
200,1574292585,1574292587,10,-20.07,0,12.95112,0.029335593,-16.63064,0.046767596,-0.20072,0.002791415
201,1574292594,1574292595,10,-22.57,0,9.01584,0.000482701,-13.80666,0.000167332,-0.34998,0.000319374
202,1574292600,1574292601,10,-25.07,0,6.3287,0.001311488,-11.5552,0.000707107,-0.43726,0.001130487
203,1574292606,1574292607,10,-27.57,0,4.4286,0.001240967,-9.74996,0.003742058,-0.49526,0.000343511
204,1574292613,1574292614,10,-30.07,0,3.00814,0.000384708,-8.25546,0.000054772,-0.52924,0.000859069
205,1574292622,1574292623,10,-32.57,0,1.9756,0.000339116,-7.06702,0.000454973,-0.55532,0.000454973
206,1574292629,1574292630,10,-35.07,0,1.1446,0.000380789,-6.03834,0.000472229,-0.57066,0.000466905
207,1574292635,1574292636,10,-37.57,0,0.54676,0.000194936,-5.24592,0.000303315,-0.5823,0.000331662
208,1574292642,1574292643,10,-40.07,0,0.05204,0.001256185,-4.55122,0.002401458,-0.59148,0.000238747
209,1574292648,1574292649,10,-42.57,0,-0.32272,0.000327109,-3.99384,0.00031305,-0.59804,0.000384708
210,1574292656,1574292657,10,-45.07,0,-0.64648,0.000109545,-3.49914,0.001904731,-0.60284,0.000502991
211,1574292663,1574292664,10,-47.57,0,-0.90138,0.000178885,-3.08532,0.000164317,-0.60802,0.000277489
212,1574292670,1574292671,10,-50.07,0,-1.11478,0.000303315,-2.74322,0.001364551,-0.60674,0.000296648
213,1574292675,1574292676,10,-52.57,0,-1.29366,0.000517687,-2.43726,0.001789693,-0.60974,0.000658027
214,1574292683,1574292684,10,-55.07,0,-1.44698,0.000376829,-2.17042,0.000248998,-0.61108,0.000204939
215,1574292689,1574292690,10,-57.57,0,-1.56898,0.000349285,-1.94322,0.000228035,-0.61824,0.000194936
216,1574292695,1574292696,10,-60.07,0,-1.67828,0.000258844,-1.7392,0.0002,-0.6182,0.000212132
217,1574292700,1574292702,10,-62.57,0,-1.7704,0.0008,-1.56442,0.000898332,-0.6169,0.0004
218,1574292706,1574292707,10,-65.07,0,-1.85194,0.000304959,-1.40574,0.000336155,-0.62206,0.000304959
219,1574292711,1574292713,10,-67.57,0,-1.92354,0.000181659,-1.26268,0.000109545,-0.61906,0.000089443
220,1574292717,1574292718,10,-70.07,0,-1.98316,0.000230217,-1.14132,0.000148324,-0.62128,0.000396232
221,1574292722,1574292723,10,-72.57,0,-2.03812,0.000701427,-1.02942,0.003152301,-0.62086,0.000384708
222,1574292729,1574292730,10,-75.07,0,-2.08866,0.000114018,-0.92902,0.000303315,-0.62368,0.000228035
223,1574292735,1574292736,10,-77.57,0,-2.12914,0.000230217,-0.84026,0.000207364,-0.6227,0.000552268
224,1574292742,1574292743,10,-80.07,0,-2.17,0.000339116,-0.75254,0.000194936,-0.62342,0.000192354
225,1574292748,1574292749,10,-82.57,0,-2.20404,0.000971082,-0.67184,0.001320227,-0.62962,0.001861988
226,1574292755,1574292756,10,-85.07,0,-2.23558,0.000460435,-0.60148,0.00051672,-0.6246,0.001172604
227,1574292762,1574292763,10,-87.57,0,-2.2593,0.000173205,-0.5432,0.000122474,-0.6228,0.000187083
228,1574292769,1574292770,10,-90.07,0,-2.27998,0.000432435,-0.48546,0.000296648,-0.6227,0.001083974
229,1574292774,1574292775,10,-92.57,0,-2.30024,0.000114018,-0.43298,0.000192354,-0.62388,0.000356371
231,1574292792,1574292793,10,-95.07,0,-2.3182,0.000234521,-0.3873,0.000616441,-0.61994,0.000328634
232,1574292801,1574292803,10,-97.57,0,-2.33794,0.000288097,-0.34124,0.000151658,-0.61682,0.000248998
233,1574292808,1574292809,10,-100.07,0,-2.35046,0.000089443,-0.30194,0.000378153,-0.61476,0.000835464
234,1574292813,1574292815,10,-102.57,0,-2.35918,0.000192354,-0.25862,0.000286356,-0.62592,0.000739594
235,1574292820,1574292822,10,-105.07,0,-2.37046,0.000240832,-0.22632,0.000327109,-0.62414,0.000296648
236,1574292826,1574292827,10,-107.57,0,-2.37928,0.000083666,-0.19578,0.000303315,-0.62318,0.000506952
237,1574293290,1574293291,2.5,-12.57,0,28.2372,0.003271085,-73.2744,0.008619745,-3.43208,0.003152301
238,1574293296,1574293297,2.5,-15.07,0,17.04016,0.004231194,-50.8304,0.039487973,-2.43142,0.001042593
239,1574293304,1574293306,2.5,-17.57,0,10.66922,0.000506952,-36.7544,0.001516575,-1.84196,0.000487852
240,1574293310,1574293312,2.5,-20.07,0,6.77572,0.000609918,-27.4544,0.008234076,-1.47476,0.000343511
241,1574293317,1574293318,2.5,-22.57,0,4.22362,0.000342053,-20.8974,0.000547723,-1.22664,0.000403733
242,1574293325,1574293326,2.5,-25.07,0,2.6096,0.000158114,-16.4812,0.000474342,-1.07204,0.000250998
243,1574293331,1574293332,2.5,-27.57,0,1.44622,0.000356371,-13.14136,0.000260768,-0.9681,0.000234521
244,1574293339,1574293341,2.5,-30.07,0,0.6545,0.000291548,-10.76574,0.000384708,-0.8951,0.0001
245,1574293345,1574293347,2.5,-32.57,0,0.02302,0.000277489,-8.85574,0.000357771,-0.90384,0.000296648
246,1574293352,1574293353,2.5,-35.07,0,-0.42346,0.00031305,-7.40774,0.000054772,-0.8533,0.000452769
247,1574293358,1574293360,2.5,-37.57,0,-0.7523,0.000187083,-6.31808,0.000268328,-0.81522,0.000759605
248,1574293365,1574293366,2.5,-40.07,0,-1.02226,0.000114018,-5.4089,0.000663325,-0.78538,0.000443847
249,1574293372,1574293373,2.5,-42.57,0,-1.24022,0.000327109,-4.66052,0.000258844,-0.76022,0.000719027
250,1574293380,1574293382,2.5,-45.07,0,-1.42156,0.000250998,-4.02566,0.000230217,-0.74692,0.000258844
251,1574293386,1574293387,2.5,-47.57,0,-1.5657,0.000997497,-3.52802,0.00349242,-0.73434,0.000219089
252,1574293397,1574293398,2.5,-50.07,0,-1.69114,0.000527257,-3.092,0.000141421,-0.723,0.000452769
253,1574293402,1574293404,2.5,-52.57,0,-1.79752,0.000238747,-2.71732,0.000130384,-0.71378,0.000277489
254,1574293409,1574293410,2.5,-55.07,0,-1.88382,0.000178885,-2.4101,0.000187083,-0.70806,0.000350714
255,1574293415,1574293416,2.5,-57.57,0,-1.95808,0.000083666,-2.15194,0.000207364,-0.70394,0.000089443
256,1574293423,1574293424,2.5,-60.07,0,-2.02636,0.000151658,-1.90954,0.000167332,-0.69602,0.000363318
257,1574293431,1574293432,2.5,-62.57,0,-2.08466,0.000304959,-1.6932,0.000212132,-0.69008,0.000268328
258,1574293440,1574293441,2.5,-65.07,0,-2.1331,0.000324037,-1.52094,0.000444972,-0.68558,0.00054037
259,1574293445,1574293447,2.5,-67.57,0,-2.1817,0.000316228,-1.3575,0.000514782,-0.68772,0.000690652
260,1574293453,1574293454,2.5,-70.07,0,-2.21822,0.000370135,-1.22274,0.001281796,-0.6831,0.000479583
261,1574293458,1574293459,2.5,-72.57,0,-2.25674,0.001169615,-1.09742,0.001762668,-0.6829,0.000784219
262,1574293464,1574293466,2.5,-75.07,0,-2.28502,0.001077961,-1.0006,0.002445404,-0.67132,0.000148324
263,1574293472,1574293473,2.5,-77.57,0,-2.31406,0.000270185,-0.8943,0.000648074,-0.66998,0.00101341
264,1574293479,1574293481,2.5,-80.07,0,-2.33644,0.000250998,-0.79818,0.000216795,-0.66878,0.000130384
265,1574293490,1574293491,2.5,-82.57,0,-2.3555,0.000187083,-0.71168,0.000228035,-0.6722,0.000796869
266,1574293498,1574293499,2.5,-85.07,0,-2.3743,0.000122474,-0.63102,0.000178885,-0.67538,0.000216795
267,1574293504,1574293506,2.5,-87.57,0,-2.38916,0.000151658,-0.56594,0.000134164,-0.67584,0.000472229
268,1574293512,1574293514,2.5,-90.07,0,-2.40302,0.000294958,-0.50432,0.000192354,-0.67266,0.000181659
269,1574293519,1574293521,2.5,-92.57,0,-2.4162,0.000122474,-0.44192,0.000130384,-0.67336,0.000626897
270,1574293528,1574293529,2.5,-95.07,0,-2.42802,0.000228035,-0.38956,0.000114018,-0.67412,0.000258844
271,1574293536,1574293537,2.5,-97.57,0,-2.43758,0.000327109,-0.34008,0.000083666,-0.66912,0.000432435
272,1574293546,1574293547,2.5,-100.07,0,-2.44586,0.000151658,-0.29274,0.000240832,-0.66676,0.000826438
273,1574293559,1574293560,2.5,-102.57,0,-2.44884,0.00071624,-0.25026,0.000472229,-0.67056,0.001114899
274,1574293566,1574293567,2.5,-105.07,0,-2.45848,0.00055857,-0.207,0.000406202,-0.66824,0.000270185
275,1574293576,1574293577,2.5,-107.57,0,-2.4629,0.000254951,-0.1832,0.000291548,-0.66458,0.000420714
276,1574293807,1574293808,5,-12.57,0,40.1872,0.006572671,-65.4124,0.005899152,-3.35324,0.003544432
277,1574293813,1574293815,5,-15.07,0,24.8398,0.006610598,-47.1144,0.008443933,-2.49192,0.001235718
278,1574293820,1574293821,5,-17.57,0,15.69358,0.294791608,-34.6064,0.409797877,-1.91362,0.040316585
279,1574293827,1574293828,5,-20.07,0,9.9074,0.074103576,-25.8098,0.117548713,-1.50312,0.004914468
280,1574293834,1574293835,5,-22.57,0,6.58328,0.097839292,-20.2146,0.171132405,-1.2913,0.012251531
281,1574293844,1574293845,5,-25.07,0,4.24532,0.000268328,-15.94112,0.000311448,-1.12502,0.00055857
282,1574293854,1574293855,5,-27.57,0,2.67956,0.00031305,-12.85718,0.000178885,-1.01024,0.000770065
283,1574293861,1574293862,5,-30.07,0,1.5421,0.0001,-10.4736,0.000244949,-0.93452,0.000294958
284,1574293867,1574293868,5,-32.57,0,0.77818,0.025201825,-8.78172,0.057310182,-0.88022,0.002706843
285,1574293876,1574293877,5,-35.07,0,0.1613,0.0001,-7.35274,0.000219089,-0.83578,0.000277489
286,1574293882,1574293883,5,-37.57,0,-0.30546,0.000350714,-6.22726,0.000089443,-0.80082,0.000580517
287,1574293889,1574293890,5,-40.07,0,-0.67062,0.000130384,-5.31278,0.000204939,-0.7759,0.000291548
288,1574293894,1574293896,5,-42.57,0,-0.94174,0.002232263,-4.61332,0.005247094,-0.75404,0.000522494
289,1574293901,1574293902,5,-45.07,0,-1.17492,0.000178885,-3.9988,0.000141421,-0.74098,0.000178885
290,1574293906,1574293907,5,-47.57,0,-1.36408,0.000389872,-3.48926,0.002602499,-0.72568,0.000349285
291,1574293913,1574293915,5,-50.07,0,-1.51942,0.000130384,-3.06588,0.000164317,-0.71282,0.00070852
292,1574293918,1574293920,5,-52.57,0,-1.6594,0.00034641,-2.68004,0.000054772,-0.70516,0.000378153
293,1574293925,1574293926,5,-55.07,0,-1.76446,0.000194936,-2.38238,0.000327109,-0.6987,0.000254951
294,1574293931,1574293932,5,-57.57,0,-1.85754,0.000450555,-2.11062,0.000849706,-0.69086,0.000527257
295,1574293940,1574293941,5,-60.07,0,-1.93532,0.000303315,-1.88254,0.000207364,-0.69152,0.000319374
296,1574293946,1574293948,5,-62.57,0,-2.0053,0.000122474,-1.67804,0.000270185,-0.6872,0.0002
297,1574293954,1574293955,5,-65.07,0,-2.06848,0.000083666,-1.50004,0.000194936,-0.68348,0.000396232
298,1574293961,1574293963,5,-67.57,0,-2.11876,0.000054772,-1.34598,0.000083666,-0.68468,0.000571839
299,1574293972,1574293974,5,-70.07,0,-2.16642,0.000204939,-1.20948,0.000277489,-0.68128,0.00085557
300,1574293981,1574293982,5,-72.57,0,-2.21154,0.001558204,-1.0745,0.003716854,-0.6757,0.000731437
301,1574293990,1574293992,5,-75.07,0,-2.24082,0.001145426,-0.96668,0.003120417,-0.6841,0.000324037
302,1574294001,1574294002,5,-77.57,0,-2.27286,0.000194936,-0.8671,0.000254951,-0.6837,0.001012423
303,1574294009,1574294010,5,-80.07,0,-2.30392,0.000277489,-0.77356,0.000167332,-0.67958,0.000334664
304,1574294017,1574294018,5,-82.57,0,-2.32992,0.000476445,-0.69574,0.000207364,-0.67676,0.000167332
305,1574294025,1574294026,5,-85.07,0,-2.35128,0.000491935,-0.62082,0.000303315,-0.67748,0.000178885
306,1574294032,1574294034,5,-87.57,0,-2.36984,0.000320936,-0.55488,0.000130384,-0.67436,0.000658027
307,1574294042,1574294043,5,-90.07,0,-2.38868,0.000109545,-0.49452,0.000130384,-0.67364,0.000517687
308,1574294050,1574294051,5,-92.57,0,-2.40368,0.000192354,-0.43458,0.000277489,-0.67084,0.000336155
309,1574294063,1574294065,5,-95.07,0,-2.41694,0.000181659,-0.38452,0.000083666,-0.66702,0.000334664
310,1574294076,1574294077,5,-97.57,0,-2.42682,0.000130384,-0.3333,0.000122474,-0.67022,0.000593296
311,1574294087,1574294088,5,-100.07,0,-2.43582,0.000216795,-0.29254,0.000181659,-0.66644,0.000260768
312,1574294096,1574294097,5,-102.57,0,-2.44404,0.000207364,-0.24842,0.000277489,-0.66544,0.000288097
313,1574294111,1574294113,5,-105.07,0,-2.45188,0.000130384,-0.21474,0.000304959,-0.66268,0.000420714
314,1574294125,1574294126,5,-107.57,0,-2.45576,0.000260768,-0.18172,0.000216795,-0.6635,0.0001
315,1574294328,1574294329,7.5,-12.57,0,46.684,0.006164414,-50.2174,0.004037326,-4.17892,0.003914333
316,1574294335,1574294336,7.5,-15.07,0,29.3736,0.155696179,-37.9576,0.122571612,-2.72602,0.014727084
317,1574294342,1574294343,7.5,-17.57,0,18.96248,0.005169333,-29.1686,0.12320836,-2.04348,0.009440445
318,1574294348,1574294349,7.5,-20.07,0,12.69714,0.000409878,-22.857,0.001224745,-1.65252,0.001054514
319,1574294354,1574294355,7.5,-22.57,0,8.36494,0.002818333,-17.93418,0.006156866,-1.36264,0.010766522
320,1574294360,1574294362,7.5,-25.07,0,5.67514,0.000409878,-14.51712,0.000772658,-1.18182,0.000432435
321,1574294367,1574294368,7.5,-27.57,0,3.82696,0.021724249,-11.92522,0.012967922,-1.0503,0.002140093
322,1574294373,1574294374,7.5,-30.07,0,2.42838,0.000605805,-9.83836,0.001050238,-0.97606,0.000378153
323,1574294379,1574294380,7.5,-32.57,0,1.44,0.001770593,-8.23782,0.007933599,-0.90322,0.001202913
324,1574294385,1574294386,7.5,-35.07,0,0.71494,0.000378153,-6.98782,0.000356371,-0.85088,0.000286356
325,1574294391,1574294392,7.5,-37.57,0,0.13056,0.003795787,-5.92912,0.006373931,-0.81082,0.000653452
326,1574294397,1574294398,7.5,-40.07,0,-0.2968,0.003051229,-5.11366,0.009381258,-0.78114,0.000336155
327,1574294402,1574294403,7.5,-42.57,0,-0.65136,0.000167332,-4.41396,0.000427785,-0.75544,0.000357771
328,1574294409,1574294410,7.5,-45.07,0,-0.93932,0.000130384,-3.84606,0.000167332,-0.77524,0.00043359
329,1574294415,1574294416,7.5,-47.57,0,-1.16336,0.001480878,-3.36538,0.00243557,-0.75774,0.000684105
330,1574294422,1574294423,7.5,-50.07,0,-1.3516,0.000234521,-2.96002,0.000192354,-0.7402,0.000234521
331,1574294427,1574294428,7.5,-52.57,0,-1.50338,0.002284075,-2.61816,0.004778389,-0.7259,0.000616441
332,1574294433,1574294435,7.5,-55.07,0,-1.63422,0.000192354,-2.31796,0.000304959,-0.71786,0.000336155
333,1574294440,1574294441,7.5,-57.57,0,-1.74356,0.000853229,-2.0647,0.002173707,-0.71096,0.000054772
334,1574294446,1574294448,7.5,-60.07,0,-1.84262,0.000192354,-1.82856,0.000288097,-0.70424,0.000250998
335,1574294451,1574294452,7.5,-62.57,0,-1.92416,0.000089443,-1.63576,0.000054772,-0.6967,0.000316228
336,1574294457,1574294458,7.5,-65.07,0,-1.99342,0.000178885,-1.46556,0.000207364,-0.68894,0.000240832
337,1574294463,1574294464,7.5,-67.57,0,-2.05528,0.000164317,-1.31166,0.000622896,-0.68744,0.000856154
338,1574294470,1574294471,7.5,-70.07,0,-2.10734,0.000219089,-1.17868,0.000228035,-0.68368,0.000286356
339,1574294476,1574294477,7.5,-72.57,0,-2.15694,0.000461519,-1.05648,0.000277489,-0.6817,0.000524404
340,1574294484,1574294485,7.5,-75.07,0,-2.1992,0.000254951,-0.94734,0.000279285,-0.67942,0.00051672
341,1574294490,1574294491,7.5,-77.57,0,-2.23304,0.000270185,-0.84878,0.000164317,-0.67578,0.000109545
342,1574294497,1574294498,7.5,-80.07,0,-2.26822,0.000192354,-0.75834,0.000114018,-0.67366,0.000409878
343,1574294502,1574294504,7.5,-82.57,0,-2.2954,0.000927362,-0.67748,0.001664932,-0.66862,0.000216795
344,1574294508,1574294509,7.5,-85.07,0,-2.32082,0.000083666,-0.59922,0.000389872,-0.66554,0.000541295
345,1574294515,1574294516,7.5,-87.57,0,-2.3427,0.000324037,-0.53488,0.000465833,-0.66272,0.000973139
346,1574294521,1574294522,7.5,-90.07,0,-2.36202,0.000248998,-0.47574,0.000260768,-0.65992,0.000192354
347,1574294526,1574294528,7.5,-92.57,0,-2.3808,0.000509902,-0.41866,0.000167332,-0.65996,0.000279285
348,1574294532,1574294534,7.5,-95.07,0,-2.39566,0.000167332,-0.3642,0.000212132,-0.65742,0.000258844
349,1574294538,1574294539,7.5,-97.57,0,-2.40868,0.000277489,-0.31724,0.000691375,-0.6537,0.00034641
350,1574294544,1574294545,7.5,-100.07,0,-2.42312,0.000109545,-0.27798,0.000178885,-0.64968,0.000248998
351,1574294549,1574294550,7.5,-102.57,0,-2.43118,0.000130384,-0.24088,0.000363318,-0.65132,0.000349285
352,1574294555,1574294557,7.5,-105.07,0,-2.43718,0.000216795,-0.20778,0.000164317,-0.65236,0.000134164
353,1574294563,1574294565,7.5,-107.57,0,-2.445,0.000308221,-0.1758,0.000122474,-0.65448,0.000414729
354,1574294675,1574294676,-2.5,-12.57,0,-12.71966,0.00226892,-89.3886,0.008876936,1.82998,0.000653452
355,1574294682,1574294683,-2.5,-15.07,0,-7.3412,0.015948511,-60.986,0.092339049,0.52034,0.00783824
356,1574294688,1574294689,-2.5,-17.57,0,-4.53342,0.006588778,-42.7156,0.052228345,-0.05456,0.003970894
357,1574294693,1574294695,-2.5,-20.07,0,-3.1562,0.003420526,-31.1996,0.033827504,-0.35192,0.001279453
358,1574294698,1574294700,-2.5,-22.57,0,-2.47272,0.012984106,-23.6898,0.163513608,-0.497,0.003847077
359,1574294704,1574294705,-2.5,-25.07,0,-2.16784,0.001439792,-18.37278,0.003711738,-0.71364,0.001256185
360,1574294709,1574294711,-2.5,-27.57,0,-1.99144,0.000350714,-14.57642,0.000601664,-0.72614,0.001388524
361,1574294715,1574294717,-2.5,-30.07,0,-1.91938,0.000148324,-11.76048,0.000311448,-0.72976,0.000502991
362,1574294721,1574294722,-2.5,-32.57,0,-1.90124,0.000230217,-9.61634,0.000270185,-0.72854,0.000427785
363,1574294727,1574294728,-2.5,-35.07,0,-1.91298,0.000228035,-8.1012,0.000212132,-0.7251,0.000187083
364,1574294732,1574294733,-2.5,-37.57,0,-1.94088,0.000238747,-6.8518,0.000324037,-0.72526,0.000622896
365,1574294737,1574294739,-2.5,-40.07,0,-1.97848,0.000268328,-5.8046,0.000234521,-0.72124,0.000304959
366,1574294742,1574294744,-2.5,-42.57,0,-2.0188,0.0002,-4.97086,0.000151658,-0.71592,0.00101341
367,1574294748,1574294750,-2.5,-45.07,0,-2.05616,0.000167332,-4.3172,0.000308221,-0.71292,0.000356371
368,1574294753,1574294755,-2.5,-47.57,0,-2.0956,0.0002,-3.76856,0.000403733,-0.71462,0.000697854
369,1574294764,1574294765,-2.5,-50.07,0,-2.1345,0.0001,-3.29216,0.000181659,-0.70908,0.000294958
370,1574294769,1574294770,-2.5,-52.57,0,-2.1705,0.000282843,-2.88784,0.00049295,-0.70826,0.00074364
371,1574294775,1574294776,-2.5,-55.07,0,-2.20498,0.000178885,-2.55174,0.000054772,-0.70884,0.000320936
372,1574294780,1574294781,-2.5,-57.57,0,-2.23546,0.000378153,-2.26522,0.000258844,-0.70966,0.000384708
373,1574294787,1574294788,-2.5,-60.07,0,-2.26498,0.000044721,-2.0131,0.00041833,-0.70742,0.000941807
374,1574294793,1574294794,-2.5,-62.57,0,-2.2933,0.000273861,-1.79162,0.000130384,-0.70216,0.000384708
375,1574294799,1574294800,-2.5,-65.07,0,-2.31744,0.000336155,-1.59898,0.000148324,-0.70178,0.000248998
376,1574294805,1574294806,-2.5,-67.57,0,-2.33964,0.000270185,-1.43112,0.000216795,-0.70574,0.000378153
377,1574294812,1574294814,-2.5,-70.07,0,-2.36186,0.000240832,-1.28866,0.000089443,-0.70374,0.00043359
378,1574294818,1574294820,-2.5,-72.57,0,-2.38292,0.000303315,-1.1502,0.000234521,-0.70442,0.000327109
379,1574294826,1574294827,-2.5,-75.07,0,-2.39958,0.000618061,-1.02688,0.001420211,-0.70328,0.000311448
380,1574294832,1574294833,-2.5,-77.57,0,-2.41314,0.00045607,-0.91944,0.000403733,-0.70246,0.000397492
381,1574294838,1574294840,-2.5,-80.07,0,-2.42722,0.000178885,-0.81902,0.000130384,-0.70146,0.000531977
382,1574294846,1574294848,-2.5,-82.57,0,-2.43736,0.000167332,-0.73028,0.000083666,-0.70232,0.000130384
383,1574294852,1574294853,-2.5,-85.07,0,-2.449,0.000380789,-0.64796,0.000167332,-0.70306,0.000626897
384,1574294857,1574294858,-2.5,-87.57,0,-2.45778,0.000349285,-0.57736,0.000260768,-0.70558,0.000998499
385,1574294864,1574294865,-2.5,-90.07,0,-2.46556,0.000181659,-0.51272,0.000258844,-0.70468,0.000676018
386,1574294869,1574294870,-2.5,-92.57,0,-2.47152,0.000248998,-0.45274,0.000089443,-0.704,0.000774597
387,1574294877,1574294878,-2.5,-95.07,0,-2.47462,0.000268328,-0.39224,0.000181659,-0.70202,0.000715542
388,1574294883,1574294885,-2.5,-97.57,0,-2.47992,0.000192354,-0.3401,0.000141421,-0.70246,0.000250998
389,1574294890,1574294891,-2.5,-100.07,0,-2.48276,0.000167332,-0.29628,0.000192354,-0.69934,0.00074364
390,1574294896,1574294898,-2.5,-102.57,0,-2.48594,0.000207364,-0.25466,0.000114018,-0.69962,0.000327109
391,1574294902,1574294904,-2.5,-105.07,0,-2.48754,0.000378153,-0.21182,0.000303315,-0.69408,0.000109545
392,1574294908,1574294910,-2.5,-107.57,0,-2.4875,0.000360555,-0.17966,0.000207364,-0.68832,0.000356371
