0,1574290128.130700110,1574290129.330805780,0.00,-12.57,-2.50,5.726580000,0.000216795,-83.787000000,0.001870829,-17.451120000,0.001080278
1,1574290139.430274960,1574290140.630767340,0.00,-15.07,-2.50,3.194920000,0.000370135,-57.139400000,0.001516575,-10.808540000,0.001497665
2,1574290148.526630880,1574290149.727805610,0.00,-17.57,-2.50,1.631260000,0.000823408,-40.135200000,0.003271085,-6.990840000,0.001738678
3,1574290157.236156940,1574290158.436008930,0.00,-20.07,-2.50,0.669760000,0.001171751,-29.670200000,0.011691878,-4.869000000,0.002559297
4,1574290164.979842660,1574290166.180994030,0.00,-22.57,-2.50,-0.005500000,0.000122474,-22.360400000,0.001516575,-3.518460000,0.000328634
5,1574290173.685325150,1574290174.885501860,0.00,-25.07,-2.50,-0.452440000,0.000167332,-17.587520000,0.000238747,-2.717280000,0.000164317
6,1574290181.983374120,1574290183.182896610,0.00,-27.57,-2.50,-0.800160000,0.000089443,-13.962580000,0.000396232,-2.153380000,0.000544977
7,1574290190.988749030,1574290192.188014510,0.00,-30.07,-2.50,-1.061880000,0.004378584,-11.286200000,0.001766352,-1.773580000,0.004153553
8,1574290198.067660330,1574290199.267506600,0.00,-32.57,-2.50,-1.264960000,0.000634823,-9.328860000,0.000114018,-1.510820000,0.000258844
9,1574290204.089240070,1574290205.289647580,0.00,-35.07,-2.50,-1.430620000,0.000736206,-7.747520000,0.006194514,-1.318480000,0.000605805
10,1574290215.516467570,1574290216.716199870,0.00,-37.57,-2.50,-1.562120000,0.000130384,-6.549040000,0.000320936,-1.177800000,0.000570088
11,1574290223.566837310,1574290224.766435150,0.00,-40.07,-2.50,-1.672660000,0.000151658,-5.566700000,0.000070711,-1.070700000,0.000244949
12,1574290229.554993150,1574290230.754396440,0.00,-42.57,-2.50,-1.765740000,0.000260768,-4.774040000,0.001176010,-0.990280000,0.000933809
13,1574290236.511629100,1574290237.711727620,0.00,-45.07,-2.50,-1.842420000,0.000216795,-4.141500000,0.000367423,-0.934140000,0.000466905
14,1574290242.541546820,1574290243.741842750,0.00,-47.57,-2.50,-1.909820000,0.000356371,-3.612860000,0.001924318,-0.881980000,0.000614003
15,1574290248.763213630,1574290249.963115690,0.00,-50.07,-2.50,-1.969520000,0.000268328,-3.151960000,0.000973653,-0.843860000,0.000194936
16,1574290254.983401300,1574290256.183126930,0.00,-52.57,-2.50,-2.022260000,0.000194936,-2.762000000,0.000308221,-0.814860000,0.000926283
17,1574290262.985606190,1574290264.185482500,0.00,-55.07,-2.50,-2.068060000,0.000089443,-2.428260000,0.000219089,-0.786140000,0.000270185
18,1574290269.467905040,1574290270.667911530,0.00,-57.57,-2.50,-2.106080000,0.000268328,-2.151860000,0.003530297,-0.763580000,0.000831865
19,1574290278.136901380,1574290279.336678980,0.00,-60.07,-2.50,-2.142320000,0.000268328,-1.908060000,0.000320936,-0.749180000,0.001018332
20,1574290286.999358650,1574290288.199544430,0.00,-62.57,-2.50,-2.174540000,0.000219089,-1.694480000,0.000443847,-0.734600000,0.000871780
21,1574290295.168159480,1574290296.368238450,0.00,-65.07,-2.50,-2.202540000,0.000219089,-1.509740000,0.000167332,-0.725940000,0.000336155
22,1574290303.356276510,1574290304.555873870,0.00,-67.57,-2.50,-2.230140000,0.000207364,-1.340140000,0.000240832,-0.715980000,0.000228035
23,1574290312.133233550,1574290313.333170890,0.00,-70.07,-2.50,-2.251980000,0.000130384,-1.194720000,0.000443847,-0.708440000,0.000134164
24,1574290318.682023050,1574290319.881677630,0.00,-72.57,-2.50,-2.272980000,0.000286356,-1.060660000,0.000114018,-0.702700000,0.000244949
25,1574290327.008373740,1574290328.207720760,0.00,-75.07,-2.50,-2.291460000,0.000384708,-0.944660000,0.000151658,-0.695720000,0.000408656
26,1574290333.994195940,1574290335.194267270,0.00,-77.57,-2.50,-2.307100000,0.000234521,-0.837040000,0.000194936,-0.690120000,0.000506952
27,1574290342.988080500,1574290344.188055510,0.00,-80.07,-2.50,-2.322280000,0.000311448,-0.736380000,0.000044721,-0.685900000,0.000316228
28,1574290350.241378780,1574290351.441357140,0.00,-82.57,-2.50,-2.335820000,0.000044721,-0.647000000,0.000591608,-0.682100000,0.000273861
29,1574290356.990091320,1574290358.190046790,0.00,-85.07,-2.50,-2.346480000,0.000178885,-0.570620000,0.000164317,-0.677240000,0.000397492
30,1574290364.396451000,1574290365.596549990,0.00,-87.57,-2.50,-2.354820000,0.000178885,-0.502480000,0.000228035,-0.677460000,0.000618870
31,1574290370.991752620,1574290372.191449640,0.00,-90.07,-2.50,-2.364280000,0.000334664,-0.436920000,0.000216795,-0.675320000,0.000294958
32,1574290377.534817220,1574290378.736023430,0.00,-92.57,-2.50,-2.370760000,0.000260768,-0.376680000,0.000164317,-0.670280000,0.000481664
33,1574290384.233713630,1574290385.434041500,0.00,-95.07,-2.50,-2.376060000,0.000181659,-0.322980000,0.000216795,-0.666780000,0.001044988
34,1574290390.264287470,1574290391.463896270,0.00,-97.57,-2.50,-2.379760000,0.000194936,-0.272120000,0.000178885,-0.662220000,0.000238747
35,1574290396.472037310,1574290397.672215460,0.00,-100.07,-2.50,-2.384480000,0.000277489,-0.227300000,0.000353553,-0.660020000,0.000701427
36,1574290403.593302250,1574290404.794352050,0.00,-102.57,-2.50,-2.387120000,0.000148324,-0.185120000,0.000130384,-0.657860000,0.000482701
37,1574290413.233322620,1574290414.432858940,0.00,-105.07,-2.50,-2.388600000,0.000331662,-0.147060000,0.000114018,-0.659820000,0.000389872
38,1574290420.514466290,1574290421.714673040,0.00,-107.57,-2.50,-2.389900000,0.000696419,-0.115040000,0.000939681,-0.655460000,0.000456070
39,1574290551.011159900,1574290552.210743900,0.00,-12.57,-5.00,11.132100000,0.000728011,-71.637200000,0.007981228,-32.885400000,0.000894427
40,1574290558.354177000,1574290559.554078100,0.00,-15.07,-5.00,7.013580000,0.000294958,-49.783800000,0.000836660,-20.028800000,0.001095445
41,1574290568.196407790,1574290569.395732400,0.00,-17.57,-5.00,4.582260000,0.000114018,-36.571200000,0.001923538,-13.220180000,0.001397140
42,1574290574.379191400,1574290575.579793930,0.00,-20.07,-5.00,2.865560000,0.001310725,-27.219200000,0.007190271,-8.942280000,0.001832212
43,1574290580.162774090,1574290581.363828180,0.00,-22.57,-5.00,1.738920000,0.052844271,-21.104000000,0.285114889,-6.326960000,0.016479169
44,1574290586.643101210,1574290587.843754770,0.00,-25.07,-5.00,0.901800000,0.001111306,-16.586560000,0.000896103,-4.768120000,0.001247798
45,1574290592.006123540,1574290593.207219120,0.00,-27.57,-5.00,0.296720000,0.004226937,-13.369680000,0.022620721,-3.683140000,0.007393443
46,1574290598.628494740,1574290599.828521730,0.00,-30.07,-5.00,-0.163880000,0.000258844,-10.944860000,0.000260768,-2.936920000,0.000238747
47,1574290604.174192900,1574290605.374459270,0.00,-32.57,-5.00,-0.531540000,0.000792465,-9.036460000,0.001786897,-2.394820000,0.001247798
48,1574290610.563582420,1574290611.764452460,0.00,-35.07,-5.00,-0.797600000,0.000300000,-7.673600000,0.000367423,-2.037520000,0.000630079
49,1574290616.082332130,1574290617.282196040,0.00,-37.57,-5.00,-1.029600000,0.000871780,-6.515260000,0.003297423,-1.752880000,0.000549545
50,1574290622.634982110,1574290623.835210800,0.00,-40.07,-5.00,-1.219360000,0.000167332,-5.585180000,0.000216795,-1.542640000,0.000541295
51,1574290629.008161070,1574290630.208456990,0.00,-42.57,-5.00,-1.381940000,0.000181659,-4.807620000,0.000914877,-1.372520000,0.000414729
52,1574290645.282389160,1574290646.482485770,0.00,-45.07,-5.00,-1.507400000,0.000254951,-4.214980000,0.000248998,-1.253580000,0.000396232
53,1574290651.076377870,1574290652.276591300,0.00,-47.57,-5.00,-1.623060000,0.000320936,-3.681800000,0.000070711,-1.152660000,0.000167332
54,1574290657.187058930,1574290658.387449260,0.00,-50.07,-5.00,-1.717200000,0.000254951,-3.262760000,0.001599375,-1.078000000,0.001328533
55,1574290662.688116550,1574290663.888871670,0.00,-52.57,-5.00,-1.802480000,0.000327109,-2.882960000,0.000502991,-1.011720000,0.000083666
56,1574290669.017139910,1574290670.218020440,0.00,-55.07,-5.00,-1.875700000,0.000447214,-2.564200000,0.000070711,-0.960320000,0.000396232
57,1574290674.430484770,1574290675.630958080,0.00,-57.57,-5.00,-1.940020000,0.000178885,-2.296080000,0.000216795,-0.921720000,0.000164317
58,1574290680.675029280,1574290681.874273300,0.00,-60.07,-5.00,-1.996260000,0.000230217,-2.056700000,0.000187083,-0.887900000,0.000612372
59,1574290686.738789560,1574290687.938714980,0.00,-62.57,-5.00,-2.047740000,0.000181659,-1.843840000,0.000151658,-0.856740000,0.000054772
60,1574290688.239931110,1574290689.439360620,0.00,-62.57,-5.00,-2.048040000,0.000151658,-1.843340000,0.000089443,-0.857500000,0.000187083
61,1574290701.017711640,1574290702.217726230,0.00,-65.07,-5.00,-2.094340000,0.000181659,-1.693560000,0.000642651,-0.824880000,0.000975705
62,1574290708.625410560,1574290709.825118060,0.00,-67.57,-5.00,-2.135100000,0.000400000,-1.498160000,0.000207364,-0.821180000,0.000216795
63,1574290716.016416550,1574290717.216574670,0.00,-70.07,-5.00,-2.172260000,0.000618870,-1.353480000,0.000614003,-0.799440000,0.001397498
64,1574290729.022939680,1574290730.222826000,0.00,-72.57,-5.00,-2.202280000,0.000204939,-1.233400000,0.000070711,-0.782020000,0.000432435
65,1574290736.555543900,1574290737.755244730,0.00,-75.07,-5.00,-2.229140000,0.000194936,-1.121760000,0.000089443,-0.770640000,0.000409878
66,1574290742.275000570,1574290743.475128650,0.00,-77.57,-5.00,-2.253380000,0.000268328,-1.021040000,0.000577062,-0.759740000,0.000634823
67,1574290752.024800780,1574290753.225279810,0.00,-80.07,-5.00,-2.277240000,0.000439318,-0.925280000,0.000342053,-0.748280000,0.000402492
68,1574290759.187188150,1574290760.386283400,0.00,-82.57,-5.00,-2.295680000,0.000277489,-0.844680000,0.000238747,-0.739320000,0.000268328
69,1574290766.856646060,1574290768.056556700,0.00,-85.07,-5.00,-2.312740000,0.000250998,-0.761580000,0.000277489,-0.728120000,0.000414729
70,1574290774.450754170,1574290775.651302810,0.00,-87.57,-5.00,-2.327740000,0.000207364,-0.697500000,0.000141421,-0.720800000,0.000308221
71,1574290781.774485590,1574290782.973557000,0.00,-90.07,-5.00,-2.341380000,0.000327109,-0.630380000,0.000164317,-0.714280000,0.000178885
72,1574290792.106189730,1574290793.306298260,0.00,-92.57,-5.00,-2.352720000,0.000109545,-0.571600000,0.000244949,-0.709980000,0.000756307
73,1574290802.108489990,1574290803.307928080,0.00,-95.07,-5.00,-2.361600000,0.000393700,-0.515000000,0.000100000,-0.703440000,0.000598331
74,1574290810.833750250,1574290812.033570290,0.00,-97.57,-5.00,-2.370580000,0.000164317,-0.466960000,0.000207364,-0.697700000,0.000578792
75,1574290817.827321050,1574290819.028874400,0.00,-100.07,-5.00,-2.379400000,0.000374166,-0.429780000,0.000454973,-0.690120000,0.000420714
76,1574290823.682423590,1574290824.883025170,0.00,-102.57,-5.00,-2.386120000,0.000109545,-0.387040000,0.000207364,-0.686780000,0.000759605
77,1574290830.539764400,1574290831.739764210,0.00,-105.07,-5.00,-2.391080000,0.000294958,-0.347920000,0.000228035,-0.680640000,0.000320936
78,1574290837.444694040,1574290838.644329070,0.00,-107.57,-5.00,-2.395680000,0.000311448,-0.311480000,0.000216795,-0.676700000,0.000339116
79,1574290953.700278280,1574290954.900273800,0.00,-12.57,-7.50,7.566960000,0.000167332,-55.391000000,0.001224745,-40.080000000,0.002000000
80,1574290961.074205400,1574290962.274196620,0.00,-15.07,-7.50,5.048280000,0.005233259,-41.246200000,0.028577964,-25.594800000,0.026696442
81,1574290966.764385700,1574290967.964426520,0.00,-17.57,-7.50,3.301200000,0.000141421,-31.444200000,0.340629858,-16.981860000,0.001732917
82,1574290973.612595080,1574290974.812242030,0.00,-20.07,-7.50,2.057940000,0.000167332,-24.069000000,0.001581139,-11.717680000,0.000540370
83,1574290980.129505160,1574290981.329403880,0.00,-22.57,-7.50,1.200500000,0.019085859,-19.087400000,0.006835569,-8.509080000,0.024348244
84,1574290986.654527190,1574290987.854907040,0.00,-25.07,-7.50,0.521580000,0.000396232,-15.319760000,0.000589915,-6.323140000,0.000879204
85,1574290992.374547960,1574290993.574311260,0.00,-27.57,-7.50,0.013260000,0.000371484,-12.478780000,0.000349285,-4.854260000,0.000650385
86,1574290998.120949740,1574290999.320812700,0.00,-30.07,-7.50,-0.384680000,0.000248998,-10.285120000,0.000248998,-3.824180000,0.000801249
87,1574291003.071278570,1574291004.271185400,0.00,-32.57,-7.50,-0.684520000,0.000531037,-8.668080000,0.000342053,-3.131040000,0.000336155
88,1574291009.256833080,1574291010.457066540,0.00,-35.07,-7.50,-0.939520000,0.000228035,-7.312300000,0.000122474,-2.596520000,0.000294958
89,1574291014.773977760,1574291015.974023340,0.00,-37.57,-7.50,-1.140060000,0.000320936,-6.268880000,0.001202913,-2.216080000,0.000576194
90,1574291020.260374070,1574291021.460250380,0.00,-40.07,-7.50,-1.310680000,0.000192354,-5.408260000,0.000618870,-1.923120000,0.000645755
91,1574291025.459608550,1574291026.659614560,0.00,-42.57,-7.50,-1.457160000,0.004004747,-4.682360000,0.019259491,-1.693260000,0.007585381
92,1574291036.045002940,1574291037.244876380,0.00,-45.07,-7.50,-1.582440000,0.000151658,-4.068860000,0.000167332,-1.510880000,0.000593296
93,1574291042.033505440,1574291043.233385090,0.00,-47.57,-7.50,-1.679320000,0.000192354,-3.611180000,0.000178885,-1.380540000,0.000357771
94,1574291048.809700010,1574291050.009621620,0.00,-50.07,-7.50,-1.772860000,0.000151658,-3.178340000,0.000134164,-1.266540000,0.000207364
95,1574291054.544683930,1574291055.745989320,0.00,-52.57,-7.50,-1.852340000,0.002751000,-2.825900000,0.015216274,-1.177540000,0.010088261
96,1574291060.755663870,1574291061.955546380,0.00,-55.07,-7.50,-1.919760000,0.000207364,-2.515420000,0.000342053,-1.105520000,0.000481664
97,1574291068.036965850,1574291069.237031460,0.00,-57.57,-7.50,-1.983940000,0.000207364,-2.244140000,0.000328634,-1.044240000,0.000250998
98,1574291076.105818750,1574291077.306020740,0.00,-60.07,-7.50,-2.036200000,0.000400000,-2.014760000,0.000151658,-0.997160000,0.000194936
99,1574291082.379775050,1574291083.580122470,0.00,-62.57,-7.50,-2.086600000,0.000200000,-1.800100000,0.000122474,-0.952280000,0.000535724
100,1574291090.402056220,1574291091.602242470,0.00,-65.07,-7.50,-2.124740000,0.000250998,-1.636200000,0.000158114,-0.919660000,0.000320936
101,1574291097.036509510,1574291098.236510750,0.00,-67.57,-7.50,-2.165060000,0.000194936,-1.471180000,0.000083666,-0.888900000,0.000324037
102,1574291103.590663430,1574291104.790278430,0.00,-70.07,-7.50,-2.199120000,0.000370135,-1.330360000,0.000089443,-0.865020000,0.000216795
103,1574291110.346371650,1574291111.546526430,0.00,-72.57,-7.50,-2.226520000,0.000238747,-1.208240000,0.001930803,-0.843400000,0.000447214
104,1574291117.253874780,1574291118.454372410,0.00,-75.07,-7.50,-2.258820000,0.000178885,-1.097480000,0.000130384,-0.819680000,0.000258844
105,1574291123.769568440,1574291124.969343660,0.00,-77.57,-7.50,-2.284840000,0.000054772,-0.995400000,0.000300000,-0.801920000,0.000277489
106,1574291130.738624100,1574291131.938097950,0.00,-80.07,-7.50,-2.304580000,0.000248998,-0.901960000,0.000219089,-0.789900000,0.000724569
107,1574291136.515216830,1574291137.715194220,0.00,-82.57,-7.50,-2.322240000,0.000114018,-0.816520000,0.000248998,-0.777980000,0.000584808
108,1574291142.811563010,1574291144.011710170,0.00,-85.07,-7.50,-2.336020000,0.000286356,-0.738300000,0.000608276,-0.772280000,0.000892749
109,1574291149.045966620,1574291150.245806690,0.00,-87.57,-7.50,-2.349080000,0.000268328,-0.665940000,0.000482701,-0.765360000,0.001169615
110,1574291158.823253630,1574291160.022965430,0.00,-90.07,-7.50,-2.362260000,0.000114018,-0.602920000,0.000192354,-0.752280000,0.000637966
111,1574291165.050955770,1574291166.251803870,0.00,-92.57,-7.50,-2.372820000,0.000370135,-0.540460000,0.000230217,-0.743300000,0.000244949
112,1574291172.605868820,1574291173.807401660,0.00,-95.07,-7.50,-2.381680000,0.000204939,-0.488620000,0.000258844,-0.738520000,0.000506952
113,1574291178.047366140,1574291179.247395520,0.00,-97.57,-7.50,-2.389800000,0.000874643,-0.439180000,0.001796385,-0.727040000,0.000736885
114,1574291184.201583860,1574291185.401302340,0.00,-100.07,-7.50,-2.396320000,0.000334664,-0.392060000,0.001205404,-0.721120000,0.001052141
115,1574291191.073123930,1574291192.272970200,0.00,-100.07,-7.50,-2.396820000,0.000402492,-0.395880000,0.000083666,-0.724600000,0.000644205
116,1574291203.145913120,1574291204.345782760,0.00,-102.57,-7.50,-2.401320000,0.000044721,-0.352540000,0.000089443,-0.717440000,0.000832466
117,1574291210.055606840,1574291211.256060120,0.00,-105.07,-7.50,-2.404860000,0.000089443,-0.313400000,0.000158114,-0.712200000,0.000234521
118,1574291220.804432390,1574291222.005187030,0.00,-107.57,-7.50,-2.412200000,0.000484768,-0.279220000,0.000130384,-0.707720000,0.000258844
119,1574291287.313931460,1574291288.513927940,0.00,-12.57,-10.00,4.928580000,0.000597495,-38.589400000,0.004393177,-40.339600000,0.004505552
120,1574291294.324029450,1574291295.523461340,0.00,-15.07,-10.00,3.553320000,0.005252809,-31.238000000,0.030306765,-27.137800000,0.004266146
121,1574291301.216818330,1574291302.416502000,0.00,-17.57,-10.00,2.431780000,0.001035374,-25.096000000,0.003082207,-18.783000000,0.002394786
122,1574291308.314006330,1574291309.514332290,0.00,-20.07,-10.00,1.551740000,0.000680441,-20.278200000,0.005069517,-13.413340000,0.004125894
123,1574291314.381433960,1574291315.582465650,0.00,-22.57,-10.00,0.866220000,0.008348473,-16.526360000,0.002312574,-9.868380000,0.002522301
124,1574291323.242029670,1574291324.442314620,0.00,-25.07,-10.00,0.314580000,0.000238747,-13.598660000,0.000502991,-7.461900000,0.000234521
125,1574291329.045028690,1574291330.245393750,0.00,-27.57,-10.00,-0.113020000,0.000109545,-11.331880000,0.000311448,-5.812440000,0.004018457
126,1574291336.270890240,1574291337.471110340,0.00,-30.07,-10.00,-0.467220000,0.000083666,-9.479500000,0.000070711,-4.602940000,0.000461519
127,1574291342.342636580,1574291343.542732240,0.00,-32.57,-10.00,-0.745900000,0.000158114,-8.051120000,0.000216795,-3.754980000,0.000277489
128,1574291349.115511420,1574291350.315639500,0.00,-35.07,-10.00,-0.979220000,0.000476445,-6.874780000,0.000258844,-3.116200000,0.000543139
129,1574291357.124177460,1574291358.324496750,0.00,-37.57,-10.00,-1.175420000,0.000268328,-5.910420000,0.000791833,-2.634900000,0.000696419
130,1574291364.425627230,1574291365.626268390,0.00,-40.07,-10.00,-1.338000000,0.000200000,-5.127940000,0.000912688,-2.270960000,0.000378153
131,1574291372.641673090,1574291373.841909410,0.00,-42.57,-10.00,-1.470540000,0.000151658,-4.502960000,0.000207364,-2.000640000,0.000114018
132,1574291381.090595720,1574291382.291113380,0.00,-45.07,-10.00,-1.589380000,0.000258844,-3.955940000,0.000304959,-1.779160000,0.000391152
133,1574291388.041940690,1574291389.242125510,0.00,-47.57,-10.00,-1.692940000,0.000194936,-3.486880000,0.000216795,-1.603840000,0.000923580
134,1574291396.595903400,1574291397.795911790,0.00,-50.07,-10.00,-1.782760000,0.000694982,-3.090740000,0.000320936,-1.458680000,0.000228035
135,1574291403.266121390,1574291404.466414930,0.00,-52.57,-10.00,-1.860740000,0.000114018,-2.754300000,0.000291548,-1.348480000,0.000414729
136,1574291410.420361520,1574291411.620346070,0.00,-55.07,-10.00,-1.930740000,0.000391152,-2.455480000,0.000109545,-1.249800000,0.000200000
137,1574291417.106206890,1574291418.306344510,0.00,-57.57,-10.00,-1.991920000,0.000164317,-2.196300000,0.000187083,-1.175220000,0.000258844
138,1574291431.043741700,1574291432.243454460,0.00,-60.07,-10.00,-2.046000000,0.000353553,-1.982220000,0.000834865,-1.115240000,0.000260768
139,1574291438.721600530,1574291439.921388630,0.00,-62.57,-10.00,-2.096200000,0.000360555,-1.786960000,0.000167332,-1.063080000,0.000178885
140,1574291448.045644760,1574291449.245933530,0.00,-65.07,-10.00,-2.136580000,0.000178885,-1.619560000,0.000230217,-1.014440000,0.000782943
141,1574291467.357612610,1574291468.557638170,0.00,-67.57,-10.00,-2.176980000,0.000148324,-1.459700000,0.000815475,-0.979100000,0.000604152
142,1574291477.457996840,1574291478.657804970,0.00,-70.07,-10.00,-2.213460000,0.000403733,-1.322340000,0.000650385,-0.943180000,0.000109545
143,1574291485.153573990,1574291486.352918150,0.00,-72.57,-10.00,-2.245420000,0.001209132,-1.194800000,0.000504975,-0.912440000,0.001035857
144,1574291492.722153190,1574291493.922144410,0.00,-75.07,-10.00,-2.270000000,0.000741620,-1.083640000,0.000998999,-0.884160000,0.000384708
145,1574291502.552392960,1574291503.752742770,0.00,-77.57,-10.00,-2.296680000,0.000605805,-0.987340000,0.000691375,-0.863160000,0.000531977
146,1574291510.337385650,1574291511.538247580,0.00,-80.07,-10.00,-2.319100000,0.000122474,-0.893280000,0.001434225,-0.841780000,0.000481664
147,1574291517.488039490,1574291518.688876630,0.00,-82.57,-10.00,-2.338700000,0.000141421,-0.811660000,0.000194936,-0.825080000,0.000925743
148,1574291526.425822260,1574291527.626168730,0.00,-85.07,-10.00,-2.357460000,0.000114018,-0.735000000,0.000254951,-0.804840000,0.000477493
149,1574291535.056507590,1574291536.256428720,0.00,-87.57,-10.00,-2.364540000,0.000378153,-0.667140000,0.001346477,-0.810880000,0.002786934
150,1574291543.633041860,1574291544.833099840,0.00,-90.07,-10.00,-2.379340000,0.000151658,-0.604960000,0.000167332,-0.795900000,0.000291548
151,1574291550.481393810,1574291551.680866720,0.00,-92.57,-10.00,-2.390080000,0.000402492,-0.548260000,0.000472229,-0.783400000,0.000474342
152,1574291560.061046120,1574291561.260808470,0.00,-95.07,-10.00,-2.396160000,0.000230217,-0.493080000,0.000327109,-0.774800000,0.000122474
153,1574291566.642675400,1574291567.842278000,0.00,-97.57,-10.00,-2.403940000,0.000545894,-0.437880000,0.000402492,-0.765400000,0.000393700
154,1574291574.635832310,1574291575.836304660,0.00,-100.07,-10.00,-2.410880000,0.000204939,-0.394320000,0.000438178,-0.755580000,0.000898332
155,1574291585.650251390,1574291586.850444320,0.00,-102.57,-10.00,-2.415220000,0.000083666,-0.345780000,0.000426615,-0.748240000,0.000594138
156,1574291596.585410590,1574291597.786285880,0.00,-105.07,-10.00,-2.421020000,0.000083666,-0.305560000,0.000151658,-0.740160000,0.000181659
157,1574291608.499519350,1574291609.699834820,0.00,-107.57,-10.00,-2.426420000,0.000349285,-0.281660000,0.000260768,-0.735500000,0.000200000
158,1574291720.105816840,1574291721.306681630,0.00,-12.57,2.50,10.596580000,0.000432435,-77.972800000,0.001095445,18.676080000,0.001243785
159,1574291727.847259040,1574291729.047274590,0.00,-15.07,2.50,6.443080000,0.000690652,-52.887800000,0.003898718,10.395020000,0.007378143
160,1574291734.217811110,1574291735.417554380,0.00,-17.57,2.50,4.062420000,0.000303315,-38.201800000,0.001303840,6.212440000,0.002328734
161,1574291740.281464100,1574291741.481467250,0.00,-20.07,2.50,2.484180000,0.001247798,-28.461600000,0.054072174,3.797160000,0.011268230
162,1574291746.060646530,1574291747.260527130,0.00,-22.57,2.50,1.377200000,0.005074446,-21.629800000,0.031395860,2.313340000,0.005631430
163,1574291752.552693370,1574291753.752788070,0.00,-25.07,2.50,0.621140000,0.000151658,-17.018640000,0.000614817,1.428420000,0.000481664
164,1574291759.059264180,1574291760.260290150,0.00,-27.57,2.50,0.055920000,0.000178885,-13.613000000,0.000667083,0.845180000,0.000420714
165,1574291766.129757880,1574291767.329750060,0.00,-30.07,2.50,-0.369880000,0.000178885,-11.072900000,0.000406202,0.452340000,0.000687750
166,1574291772.479177950,1574291773.678720000,0.00,-32.57,2.50,-0.695400000,0.000122474,-9.167900000,0.000244949,0.186140000,0.000798749
167,1574291780.585859780,1574291781.786797520,0.00,-35.07,2.50,-0.959460000,0.000089443,-7.649860000,0.000151658,-0.007120000,0.000432435
168,1574291787.417033670,1574291788.617139340,0.00,-37.57,2.50,-1.158700000,0.000254951,-6.530220000,0.000228035,-0.137940000,0.000089443
169,1574291794.433734420,1574291795.633893970,0.00,-40.07,2.50,-1.332660000,0.000219089,-5.572420000,0.000192354,-0.240740000,0.000328634
170,1574291801.441273690,1574291802.641368870,0.00,-42.57,2.50,-1.474600000,0.000264575,-4.808840000,0.000230217,-0.317440000,0.000826438
171,1574291810.230690480,1574291811.431153300,0.00,-45.07,2.50,-1.593780000,0.000342053,-4.179460000,0.000181659,-0.380020000,0.000408656
172,1574291817.065805910,1574291818.265358450,0.00,-47.57,2.50,-1.697280000,0.000258844,-3.644960000,0.000270185,-0.428660000,0.000517687
173,1574291825.068855760,1574291826.268351080,0.00,-50.07,2.50,-1.783060000,0.000594138,-3.211300000,0.000070711,-0.461160000,0.001057355
174,1574291831.856006140,1574291833.055793280,0.00,-52.57,2.50,-1.860640000,0.000089443,-2.830580000,0.000294958,-0.490400000,0.000758288
175,1574291839.065982820,1574291840.265846250,0.00,-55.07,2.50,-1.924460000,0.000550454,-2.515500000,0.000187083,-0.515480000,0.000396232
176,1574291848.209864620,1574291849.409517760,0.00,-57.57,2.50,-1.982360000,0.000240832,-2.241380000,0.000465833,-0.535340000,0.000618870
177,1574291857.539025780,1574291858.738647940,0.00,-60.07,2.50,-2.034120000,0.000460435,-1.998120000,0.000294958,-0.552600000,0.000616441
178,1574291866.601025580,1574291867.801940440,0.00,-62.57,2.50,-2.073940000,0.000151658,-1.782600000,0.000331662,-0.568340000,0.000998999
179,1574291874.336450100,1574291875.536042210,0.00,-65.07,2.50,-2.114080000,0.000831865,-1.605980000,0.001813009,-0.579500000,0.000771362
180,1574291882.792509080,1574291883.992378230,0.00,-67.57,2.50,-2.155380000,0.000356371,-1.449700000,0.000122474,-0.592180000,0.000294958
181,1574291891.096064090,1574291892.296646590,0.00,-70.07,2.50,-2.183000000,0.000158114,-1.313660000,0.000288097,-0.601920000,0.000465833
182,1574291899.856991290,1574291901.056081770,0.00,-72.57,2.50,-2.213980000,0.000540370,-1.180180000,0.000389872,-0.607680000,0.000311448
183,1574291909.240204330,1574291910.440199850,0.00,-75.07,2.50,-2.238520000,0.000816701,-1.063200000,0.000406202,-0.615620000,0.000501996
184,1574291916.072521690,1574291917.272603030,0.00,-77.57,2.50,-2.260060000,0.000054772,-0.965300000,0.000141421,-0.621000000,0.000447214
185,1574291922.378847120,1574291923.579566960,0.00,-80.07,2.50,-2.282040000,0.000089443,-0.866060000,0.000350714,-0.625420000,0.000653452
186,1574291928.329666610,1574291929.530110360,0.00,-82.57,2.50,-2.299320000,0.000083666,-0.780500000,0.000187083,-0.628000000,0.000387298
187,1574291936.108076570,1574291937.308426380,0.00,-85.07,2.50,-2.315420000,0.000389872,-0.704200000,0.000200000,-0.631400000,0.000430116
188,1574291942.564068320,1574291943.764763350,0.00,-87.57,2.50,-2.327620000,0.000370135,-0.640040000,0.000665582,-0.633060000,0.000207364
189,1574291949.345139030,1574291950.545463560,0.00,-90.07,2.50,-2.340560000,0.000194936,-0.576120000,0.000303315,-0.636440000,0.000482701
190,1574291956.785140510,1574291957.985235690,0.00,-92.57,2.50,-2.351900000,0.000141421,-0.518240000,0.000260768,-0.635840000,0.000194936
191,1574291967.332149980,1574291968.532658100,0.00,-95.07,2.50,-2.360740000,0.000328634,-0.466380000,0.000130384,-0.638300000,0.000187083
192,1574291976.183989050,1574291977.383794780,0.00,-97.57,2.50,-2.368160000,0.000507937,-0.415320000,0.000311448,-0.638320000,0.000258844
193,1574291983.176811220,1574291984.376793380,0.00,-100.07,2.50,-2.374500000,0.000200000,-0.373300000,0.000200000,-0.637400000,0.000273861
194,1574291990.079035280,1574291991.279012680,0.00,-102.57,2.50,-2.377080000,0.000303315,-0.328540000,0.000779744,-0.635960000,0.000684105
195,1574291997.072896000,1574291998.273248670,0.00,-105.07,2.50,-2.382300000,0.000339116,-0.292400000,0.000187083,-0.635400000,0.000703562
196,1574292006.250623230,1574292007.451269630,0.00,-107.57,2.50,-2.392680000,0.000408656,-0.264620000,0.000286356,-0.632580000,0.000349285
197,1574292562.905123230,1574292564.104764460,10.00,-12.57,0.00,39.450200000,0.003633180,-27.343900000,0.000781025,1.018380000,0.000356371
198,1574292572.359539510,1574292573.558853630,10.00,-15.07,0.00,26.919400000,0.001949359,-23.659440000,0.000873499,0.398380000,0.000990959
199,1574292579.399644370,1574292580.598874570,10.00,-17.57,0.00,18.375880000,0.002826128,-19.806280000,0.000952365,0.016840000,0.000958123
200,1574292585.365188600,1574292586.565007210,10.00,-20.07,0.00,12.951120000,0.029335593,-16.630640000,0.046767596,-0.200720000,0.002791415
201,1574292593.708335880,1574292594.908349510,10.00,-22.57,0.00,9.015840000,0.000482701,-13.806660000,0.000167332,-0.349980000,0.000319374
202,1574292599.912248130,1574292601.113014700,10.00,-25.07,0.00,6.328700000,0.001311488,-11.555200000,0.000707107,-0.437260000,0.001130487
203,1574292605.727598670,1574292606.927926540,10.00,-27.57,0.00,4.428600000,0.001240967,-9.749960000,0.003742058,-0.495260000,0.000343511
204,1574292612.873941420,1574292614.073431010,10.00,-30.07,0.00,3.008140000,0.000384708,-8.255460000,0.000054772,-0.529240000,0.000859069
205,1574292622.141663550,1574292623.342006210,10.00,-32.57,0.00,1.975600000,0.000339116,-7.067020000,0.000454973,-0.555320000,0.000454973
206,1574292629.101239200,1574292630.301146030,10.00,-35.07,0.00,1.144600000,0.000380789,-6.038340000,0.000472229,-0.570660000,0.000466905
207,1574292635.107443330,1574292636.306562420,10.00,-37.57,0.00,0.546760000,0.000194936,-5.245920000,0.000303315,-0.582300000,0.000331662
208,1574292641.568129060,1574292642.767661570,10.00,-40.07,0.00,0.052040000,0.001256185,-4.551220000,0.002401458,-0.591480000,0.000238747
209,1574292647.832049370,1574292649.031772140,10.00,-42.57,0.00,-0.322720000,0.000327109,-3.993840000,0.000313050,-0.598040000,0.000384708
210,1574292656.101805690,1574292657.301372050,10.00,-45.07,0.00,-0.646480000,0.000109545,-3.499140000,0.001904731,-0.602840000,0.000502991
211,1574292662.755300040,1574292663.956533910,10.00,-47.57,0.00,-0.901380000,0.000178885,-3.085320000,0.000164317,-0.608020000,0.000277489
212,1574292669.576919080,1574292670.776677610,10.00,-50.07,0.00,-1.114780000,0.000303315,-2.743220000,0.001364551,-0.606740000,0.000296648
213,1574292675.134000300,1574292676.333652500,10.00,-52.57,0.00,-1.293660000,0.000517687,-2.437260000,0.001789693,-0.609740000,0.000658027
214,1574292683.290883060,1574292684.491147990,10.00,-55.07,0.00,-1.446980000,0.000376829,-2.170420000,0.000248998,-0.611080000,0.000204939
215,1574292688.555093290,1574292689.754358770,10.00,-57.57,0.00,-1.568980000,0.000349285,-1.943220000,0.000228035,-0.618240000,0.000194936
216,1574292695.246928690,1574292696.446991920,10.00,-60.07,0.00,-1.678280000,0.000258844,-1.739200000,0.000200000,-0.618200000,0.000212132
217,1574292700.409885880,1574292701.610709670,10.00,-62.57,0.00,-1.770400000,0.000800000,-1.564420000,0.000898332,-0.616900000,0.000400000
218,1574292706.103166580,1574292707.303030010,10.00,-65.07,0.00,-1.851940000,0.000304959,-1.405740000,0.000336155,-0.622060000,0.000304959
219,1574292711.306390760,1574292712.506157400,10.00,-67.57,0.00,-1.923540000,0.000181659,-1.262680000,0.000109545,-0.619060000,0.000089443
220,1574292717.107117650,1574292718.307213780,10.00,-70.07,0.00,-1.983160000,0.000230217,-1.141320000,0.000148324,-0.621280000,0.000396232
221,1574292722.129990100,1574292723.330450060,10.00,-72.57,0.00,-2.038120000,0.000701427,-1.029420000,0.003152301,-0.620860000,0.000384708
222,1574292728.915281770,1574292730.115382190,10.00,-75.07,0.00,-2.088660000,0.000114018,-0.929020000,0.000303315,-0.623680000,0.000228035
223,1574292734.943446160,1574292736.143062590,10.00,-77.57,0.00,-2.129140000,0.000230217,-0.840260000,0.000207364,-0.622700000,0.000552268
224,1574292742.103399750,1574292743.302957530,10.00,-80.07,0.00,-2.170000000,0.000339116,-0.752540000,0.000194936,-0.623420000,0.000192354
225,1574292748.105722900,1574292749.305459500,10.00,-82.57,0.00,-2.204040000,0.000971082,-0.671840000,0.001320227,-0.629620000,0.001861988
226,1574292754.740587230,1574292755.940913680,10.00,-85.07,0.00,-2.235580000,0.000460435,-0.601480000,0.000516720,-0.624600000,0.001172604
227,1574292762.236302380,1574292763.436696530,10.00,-87.57,0.00,-2.259300000,0.000173205,-0.543200000,0.000122474,-0.622800000,0.000187083
228,1574292768.636659620,1574292769.836956500,10.00,-90.07,0.00,-2.279980000,0.000432435,-0.485460000,0.000296648,-0.622700000,0.001083974
229,1574292773.866593360,1574292775.067620280,10.00,-92.57,0.00,-2.300240000,0.000114018,-0.432980000,0.000192354,-0.623880000,0.000356371
230,1574292780.766835690,1574292781.966576100,10.00,-95.07,0.00,-2.319540000,0.000219089,-0.388600000,0.000187083,-0.623700000,0.000741620
231,1574292791.759918690,1574292792.961091990,10.00,-95.07,0.00,-2.318200000,0.000234521,-0.387300000,0.000616441,-0.619940000,0.000328634
232,1574292801.459661010,1574292802.658967970,10.00,-97.57,0.00,-2.337940000,0.000288097,-0.341240000,0.000151658,-0.616820000,0.000248998
233,1574292807.959854600,1574292809.161154750,10.00,-100.07,0.00,-2.350460000,0.000089443,-0.301940000,0.000378153,-0.614760000,0.000835464
234,1574292813.416034220,1574292814.616211410,10.00,-102.57,0.00,-2.359180000,0.000192354,-0.258620000,0.000286356,-0.625920000,0.000739594
235,1574292820.303038120,1574292821.503010750,10.00,-105.07,0.00,-2.370460000,0.000240832,-0.226320000,0.000327109,-0.624140000,0.000296648
236,1574292825.959756370,1574292827.159752850,10.00,-107.57,0.00,-2.379280000,0.000083666,-0.195780000,0.000303315,-0.623180000,0.000506952
237,1574293289.694422720,1574293290.894804000,2.50,-12.57,0.00,28.237200000,0.003271085,-73.274400000,0.008619745,-3.432080000,0.003152301
238,1574293296.295542720,1574293297.496069910,2.50,-15.07,0.00,17.040160000,0.004231194,-50.830400000,0.039487973,-2.431420000,0.001042593
239,1574293304.338115210,1574293305.537931440,2.50,-17.57,0.00,10.669220000,0.000506952,-36.754400000,0.001516575,-1.841960000,0.000487852
240,1574293310.355287550,1574293311.554625030,2.50,-20.07,0.00,6.775720000,0.000609918,-27.454400000,0.008234076,-1.474760000,0.000343511
241,1574293316.798599240,1574293317.998575210,2.50,-22.57,0.00,4.223620000,0.000342053,-20.897400000,0.000547723,-1.226640000,0.000403733
242,1574293325.252467630,1574293326.452430720,2.50,-25.07,0.00,2.609600000,0.000158114,-16.481200000,0.000474342,-1.072040000,0.000250998
243,1574293330.631297590,1574293331.831820010,2.50,-27.57,0.00,1.446220000,0.000356371,-13.141360000,0.000260768,-0.968100000,0.000234521
244,1574293339.306431770,1574293340.506292820,2.50,-30.07,0.00,0.654500000,0.000291548,-10.765740000,0.000384708,-0.895100000,0.000100000
245,1574293345.460721490,1574293346.660189630,2.50,-32.57,0.00,0.023020000,0.000277489,-8.855740000,0.000357771,-0.903840000,0.000296648
246,1574293352.130623820,1574293353.330584050,2.50,-35.07,0.00,-0.423460000,0.000313050,-7.407740000,0.000054772,-0.853300000,0.000452769
247,1574293358.359330180,1574293359.559105870,2.50,-37.57,0.00,-0.752300000,0.000187083,-6.318080000,0.000268328,-0.815220000,0.000759605
248,1574293364.929319380,1574293366.130232330,2.50,-40.07,0.00,-1.022260000,0.000114018,-5.408900000,0.000663325,-0.785380000,0.000443847
249,1574293371.734449860,1574293372.934412480,2.50,-42.57,0.00,-1.240220000,0.000327109,-4.660520000,0.000258844,-0.760220000,0.000719027
250,1574293380.336293700,1574293381.536614890,2.50,-45.07,0.00,-1.421560000,0.000250998,-4.025660000,0.000230217,-0.746920000,0.000258844
251,1574293385.761835570,1574293386.961392880,2.50,-47.57,0.00,-1.565700000,0.000997497,-3.528020000,0.003492420,-0.734340000,0.000219089
252,1574293396.510046000,1574293397.710352420,2.50,-50.07,0.00,-1.691140000,0.000527257,-3.092000000,0.000141421,-0.723000000,0.000452769
253,1574293402.342420580,1574293403.542394160,2.50,-52.57,0.00,-1.797520000,0.000238747,-2.717320000,0.000130384,-0.713780000,0.000277489
254,1574293409.144749640,1574293410.344826220,2.50,-55.07,0.00,-1.883820000,0.000178885,-2.410100000,0.000187083,-0.708060000,0.000350714
255,1574293414.872227670,1574293416.072273730,2.50,-57.57,0.00,-1.958080000,0.000083666,-2.151940000,0.000207364,-0.703940000,0.000089443
256,1574293422.878111840,1574293424.078634740,2.50,-60.07,0.00,-2.026360000,0.000151658,-1.909540000,0.000167332,-0.696020000,0.000363318
257,1574293431.220544810,1574293432.420644280,2.50,-62.57,0.00,-2.084660000,0.000304959,-1.693200000,0.000212132,-0.690080000,0.000268328
258,1574293439.505353930,1574293440.705279830,2.50,-65.07,0.00,-2.133100000,0.000324037,-1.520940000,0.000444972,-0.685580000,0.000540370
259,1574293445.399456020,1574293446.599824430,2.50,-67.57,0.00,-2.181700000,0.000316228,-1.357500000,0.000514782,-0.687720000,0.000690652
260,1574293452.670661450,1574293453.870926860,2.50,-70.07,0.00,-2.218220000,0.000370135,-1.222740000,0.001281796,-0.683100000,0.000479583
261,1574293458.289919850,1574293459.490650650,2.50,-72.57,0.00,-2.256740000,0.001169615,-1.097420000,0.001762668,-0.682900000,0.000784219
262,1574293464.497126580,1574293465.698113440,2.50,-75.07,0.00,-2.285020000,0.001077961,-1.000600000,0.002445404,-0.671320000,0.000148324
263,1574293471.822957040,1574293473.022887710,2.50,-77.57,0.00,-2.314060000,0.000270185,-0.894300000,0.000648074,-0.669980000,0.001013410
264,1574293479.417764190,1574293480.618040560,2.50,-80.07,0.00,-2.336440000,0.000250998,-0.798180000,0.000216795,-0.668780000,0.000130384
265,1574293489.759093760,1574293490.959416390,2.50,-82.57,0.00,-2.355500000,0.000187083,-0.711680000,0.000228035,-0.672200000,0.000796869
266,1574293497.654558660,1574293498.854369160,2.50,-85.07,0.00,-2.374300000,0.000122474,-0.631020000,0.000178885,-0.675380000,0.000216795
267,1574293504.469568250,1574293505.668956280,2.50,-87.57,0.00,-2.389160000,0.000151658,-0.565940000,0.000134164,-0.675840000,0.000472229
268,1574293512.402621750,1574293513.601999280,2.50,-90.07,0.00,-2.403020000,0.000294958,-0.504320000,0.000192354,-0.672660000,0.000181659
269,1574293519.373782630,1574293520.574090480,2.50,-92.57,0.00,-2.416200000,0.000122474,-0.441920000,0.000130384,-0.673360000,0.000626897
270,1574293528.138827320,1574293529.338803290,2.50,-95.07,0.00,-2.428020000,0.000228035,-0.389560000,0.000114018,-0.674120000,0.000258844
271,1574293535.766804220,1574293536.966458320,2.50,-97.57,0.00,-2.437580000,0.000327109,-0.340080000,0.000083666,-0.669120000,0.000432435
272,1574293546.149105550,1574293547.349077700,2.50,-100.07,0.00,-2.445860000,0.000151658,-0.292740000,0.000240832,-0.666760000,0.000826438
273,1574293558.863063340,1574293560.062908170,2.50,-102.57,0.00,-2.448840000,0.000716240,-0.250260000,0.000472229,-0.670560000,0.001114899
274,1574293565.918829920,1574293567.118943210,2.50,-105.07,0.00,-2.458480000,0.000558570,-0.207000000,0.000406202,-0.668240000,0.000270185
275,1574293576.214623450,1574293577.415552620,2.50,-107.57,0.00,-2.462900000,0.000254951,-0.183200000,0.000291548,-0.664580000,0.000420714
276,1574293806.827660080,1574293808.027861120,5.00,-12.57,0.00,40.187200000,0.006572671,-65.412400000,0.005899152,-3.353240000,0.003544432
277,1574293813.362938400,1574293814.564152720,5.00,-15.07,0.00,24.839800000,0.006610598,-47.114400000,0.008443933,-2.491920000,0.001235718
278,1574293819.679797170,1574293820.879557130,5.00,-17.57,0.00,15.693580000,0.294791608,-34.606400000,0.409797877,-1.913620000,0.040316585
279,1574293826.967100140,1574293828.166985030,5.00,-20.07,0.00,9.907400000,0.074103576,-25.809800000,0.117548713,-1.503120000,0.004914468
280,1574293834.187082290,1574293835.387404920,5.00,-22.57,0.00,6.583280000,0.097839292,-20.214600000,0.171132405,-1.291300000,0.012251531
281,1574293843.901277540,1574293845.101851940,5.00,-25.07,0.00,4.245320000,0.000268328,-15.941120000,0.000311448,-1.125020000,0.000558570
282,1574293854.276975630,1574293855.477487560,5.00,-27.57,0.00,2.679560000,0.000313050,-12.857180000,0.000178885,-1.010240000,0.000770065
283,1574293860.854874610,1574293862.056081290,5.00,-30.07,0.00,1.542100000,0.000100000,-10.473600000,0.000244949,-0.934520000,0.000294958
284,1574293866.502640720,1574293867.704102990,5.00,-32.57,0.00,0.778180000,0.025201825,-8.781720000,0.057310182,-0.880220000,0.002706843
285,1574293875.950082300,1574293877.150203700,5.00,-35.07,0.00,0.161300000,0.000100000,-7.352740000,0.000219089,-0.835780000,0.000277489
286,1574293881.928676600,1574293883.129395010,5.00,-37.57,0.00,-0.305460000,0.000350714,-6.227260000,0.000089443,-0.800820000,0.000580517
287,1574293888.776949880,1574293889.978405000,5.00,-40.07,0.00,-0.670620000,0.000130384,-5.312780000,0.000204939,-0.775900000,0.000291548
288,1574293894.323599340,1574293895.524068830,5.00,-42.57,0.00,-0.941740000,0.002232263,-4.613320000,0.005247094,-0.754040000,0.000522494
289,1574293900.712640760,1574293901.914010050,5.00,-45.07,0.00,-1.174920000,0.000178885,-3.998800000,0.000141421,-0.740980000,0.000178885
290,1574293906.212589740,1574293907.412843230,5.00,-47.57,0.00,-1.364080000,0.000389872,-3.489260000,0.002602499,-0.725680000,0.000349285
291,1574293913.428583140,1574293914.628410820,5.00,-50.07,0.00,-1.519420000,0.000130384,-3.065880000,0.000164317,-0.712820000,0.000708520
292,1574293918.465557100,1574293919.666322710,5.00,-52.57,0.00,-1.659400000,0.000346410,-2.680040000,0.000054772,-0.705160000,0.000378153
293,1574293924.644458770,1574293925.844633100,5.00,-55.07,0.00,-1.764460000,0.000194936,-2.382380000,0.000327109,-0.698700000,0.000254951
294,1574293930.930897240,1574293932.131896970,5.00,-57.57,0.00,-1.857540000,0.000450555,-2.110620000,0.000849706,-0.690860000,0.000527257
295,1574293939.625653740,1574293940.825984000,5.00,-60.07,0.00,-1.935320000,0.000303315,-1.882540000,0.000207364,-0.691520000,0.000319374
296,1574293946.409556870,1574293947.610567570,5.00,-62.57,0.00,-2.005300000,0.000122474,-1.678040000,0.000270185,-0.687200000,0.000200000
297,1574293953.889999390,1574293955.090276720,5.00,-65.07,0.00,-2.068480000,0.000083666,-1.500040000,0.000194936,-0.683480000,0.000396232
298,1574293961.461602690,1574293962.662084100,5.00,-67.57,0.00,-2.118760000,0.000054772,-1.345980000,0.000083666,-0.684680000,0.000571839
299,1574293972.388767240,1574293973.589017870,5.00,-70.07,0.00,-2.166420000,0.000204939,-1.209480000,0.000277489,-0.681280000,0.000855570
300,1574293980.532480240,1574293981.733413700,5.00,-72.57,0.00,-2.211540000,0.001558204,-1.074500000,0.003716854,-0.675700000,0.000731437
301,1574293990.341402530,1574293991.543494220,5.00,-75.07,0.00,-2.240820000,0.001145426,-0.966680000,0.003120417,-0.684100000,0.000324037
302,1574294000.754033560,1574294001.954255580,5.00,-77.57,0.00,-2.272860000,0.000194936,-0.867100000,0.000254951,-0.683700000,0.001012423
303,1574294008.982601170,1574294010.182887550,5.00,-80.07,0.00,-2.303920000,0.000277489,-0.773560000,0.000167332,-0.679580000,0.000334664
304,1574294017.248098850,1574294018.448891640,5.00,-82.57,0.00,-2.329920000,0.000476445,-0.695740000,0.000207364,-0.676760000,0.000167332
305,1574294024.523933890,1574294025.724881650,5.00,-85.07,0.00,-2.351280000,0.000491935,-0.620820000,0.000303315,-0.677480000,0.000178885
306,1574294032.397684100,1574294033.596979620,5.00,-87.57,0.00,-2.369840000,0.000320936,-0.554880000,0.000130384,-0.674360000,0.000658027
307,1574294041.654219630,1574294042.854087830,5.00,-90.07,0.00,-2.388680000,0.000109545,-0.494520000,0.000130384,-0.673640000,0.000517687
308,1574294049.934280870,1574294051.134239670,5.00,-92.57,0.00,-2.403680000,0.000192354,-0.434580000,0.000277489,-0.670840000,0.000336155
309,1574294063.391957280,1574294064.591940400,5.00,-95.07,0.00,-2.416940000,0.000181659,-0.384520000,0.000083666,-0.667020000,0.000334664
310,1574294076.252308840,1574294077.451667310,5.00,-97.57,0.00,-2.426820000,0.000130384,-0.333300000,0.000122474,-0.670220000,0.000593296
311,1574294086.797998900,1574294087.998657700,5.00,-100.07,0.00,-2.435820000,0.000216795,-0.292540000,0.000181659,-0.666440000,0.000260768
312,1574294095.731101510,1574294096.931931020,5.00,-102.57,0.00,-2.444040000,0.000207364,-0.248420000,0.000277489,-0.665440000,0.000288097
313,1574294111.396860600,1574294112.597124580,5.00,-105.07,0.00,-2.451880000,0.000130384,-0.214740000,0.000304959,-0.662680000,0.000420714
314,1574294125.099431040,1574294126.300429820,5.00,-107.57,0.00,-2.455760000,0.000260768,-0.181720000,0.000216795,-0.663500000,0.000100000
315,1574294328.095738410,1574294329.296379570,7.50,-12.57,0.00,46.684000000,0.006164414,-50.217400000,0.004037326,-4.178920000,0.003914333
316,1574294335.283802030,1574294336.484722140,7.50,-15.07,0.00,29.373600000,0.155696179,-37.957600000,0.122571612,-2.726020000,0.014727084
317,1574294342.282205580,1574294343.482265000,7.50,-17.57,0.00,18.962480000,0.005169333,-29.168600000,0.123208360,-2.043480000,0.009440445
318,1574294348.104312420,1574294349.305572510,7.50,-20.07,0.00,12.697140000,0.000409878,-22.857000000,0.001224745,-1.652520000,0.001054514
319,1574294353.546419620,1574294354.746026990,7.50,-22.57,0.00,8.364940000,0.002818333,-17.934180000,0.006156866,-1.362640000,0.010766522
320,1574294360.461906910,1574294361.662271500,7.50,-25.07,0.00,5.675140000,0.000409878,-14.517120000,0.000772658,-1.181820000,0.000432435
321,1574294366.771051410,1574294367.970819950,7.50,-27.57,0.00,3.826960000,0.021724249,-11.925220000,0.012967922,-1.050300000,0.002140093
322,1574294373.093304160,1574294374.293262000,7.50,-30.07,0.00,2.428380000,0.000605805,-9.838360000,0.001050238,-0.976060000,0.000378153
323,1574294379.129292960,1574294380.329582210,7.50,-32.57,0.00,1.440000000,0.001770593,-8.237820000,0.007933599,-0.903220000,0.001202913
324,1574294385.284986500,1574294386.484968660,7.50,-35.07,0.00,0.714940000,0.000378153,-6.987820000,0.000356371,-0.850880000,0.000286356
325,1574294390.738612170,1574294391.938491820,7.50,-37.57,0.00,0.130560000,0.003795787,-5.929120000,0.006373931,-0.810820000,0.000653452
326,1574294396.516620160,1574294397.717072960,7.50,-40.07,0.00,-0.296800000,0.003051229,-5.113660000,0.009381258,-0.781140000,0.000336155
327,1574294402.105813980,1574294403.305626390,7.50,-42.57,0.00,-0.651360000,0.000167332,-4.413960000,0.000427785,-0.755440000,0.000357771
328,1574294409.062327380,1574294410.262304780,7.50,-45.07,0.00,-0.939320000,0.000130384,-3.846060000,0.000167332,-0.775240000,0.000433590
329,1574294415.287329670,1574294416.487377170,7.50,-47.57,0.00,-1.163360000,0.001480878,-3.365380000,0.002435570,-0.757740000,0.000684105
330,1574294421.562824730,1574294422.763194560,7.50,-50.07,0.00,-1.351600000,0.000234521,-2.960020000,0.000192354,-0.740200000,0.000234521
331,1574294426.828604220,1574294428.028416630,7.50,-52.57,0.00,-1.503380000,0.002284075,-2.618160000,0.004778389,-0.725900000,0.000616441
332,1574294433.482690330,1574294434.683031560,7.50,-55.07,0.00,-1.634220000,0.000192354,-2.317960000,0.000304959,-0.717860000,0.000336155
333,1574294439.765255930,1574294440.965781210,7.50,-57.57,0.00,-1.743560000,0.000853229,-2.064700000,0.002173707,-0.710960000,0.000054772
334,1574294446.301006790,1574294447.501580710,7.50,-60.07,0.00,-1.842620000,0.000192354,-1.828560000,0.000288097,-0.704240000,0.000250998
335,1574294451.044490810,1574294452.244472500,7.50,-62.57,0.00,-1.924160000,0.000089443,-1.635760000,0.000054772,-0.696700000,0.000316228
336,1574294456.714857580,1574294457.914765360,7.50,-65.07,0.00,-1.993420000,0.000178885,-1.465560000,0.000207364,-0.688940000,0.000240832
337,1574294462.726409910,1574294463.925948620,7.50,-67.57,0.00,-2.055280000,0.000164317,-1.311660000,0.000622896,-0.687440000,0.000856154
338,1574294469.541390420,1574294470.741823200,7.50,-70.07,0.00,-2.107340000,0.000219089,-1.178680000,0.000228035,-0.683680000,0.000286356
339,1574294475.723194600,1574294476.922786710,7.50,-72.57,0.00,-2.156940000,0.000461519,-1.056480000,0.000277489,-0.681700000,0.000524404
340,1574294484.021781440,1574294485.222215180,7.50,-75.07,0.00,-2.199200000,0.000254951,-0.947340000,0.000279285,-0.679420000,0.000516720
341,1574294490.290567870,1574294491.490324970,7.50,-77.57,0.00,-2.233040000,0.000270185,-0.848780000,0.000164317,-0.675780000,0.000109545
342,1574294496.813777920,1574294498.013899800,7.50,-80.07,0.00,-2.268220000,0.000192354,-0.758340000,0.000114018,-0.673660000,0.000409878
343,1574294502.424633500,1574294503.625560280,7.50,-82.57,0.00,-2.295400000,0.000927362,-0.677480000,0.001664932,-0.668620000,0.000216795
344,1574294508.294844630,1574294509.494582180,7.50,-85.07,0.00,-2.320820000,0.000083666,-0.599220000,0.000389872,-0.665540000,0.000541295
345,1574294514.502274990,1574294515.703906060,7.50,-87.57,0.00,-2.342700000,0.000324037,-0.534880000,0.000465833,-0.662720000,0.000973139
346,1574294520.991801740,1574294522.192228320,7.50,-90.07,0.00,-2.362020000,0.000248998,-0.475740000,0.000260768,-0.659920000,0.000192354
347,1574294526.456268790,1574294527.656148910,7.50,-92.57,0.00,-2.380800000,0.000509902,-0.418660000,0.000167332,-0.659960000,0.000279285
348,1574294532.346774100,1574294533.546379090,7.50,-95.07,0.00,-2.395660000,0.000167332,-0.364200000,0.000212132,-0.657420000,0.000258844
349,1574294537.690175530,1574294538.890243050,7.50,-97.57,0.00,-2.408680000,0.000277489,-0.317240000,0.000691375,-0.653700000,0.000346410
350,1574294543.859257700,1574294545.059850220,7.50,-100.07,0.00,-2.423120000,0.000109545,-0.277980000,0.000178885,-0.649680000,0.000248998
351,1574294549.081933020,1574294550.281295780,7.50,-102.57,0.00,-2.431180000,0.000130384,-0.240880000,0.000363318,-0.651320000,0.000349285
352,1574294555.354107380,1574294556.554287910,7.50,-105.07,0.00,-2.437180000,0.000216795,-0.207780000,0.000164317,-0.652360000,0.000134164
353,1574294563.326431270,1574294564.526736740,7.50,-107.57,0.00,-2.445000000,0.000308221,-0.175800000,0.000122474,-0.654480000,0.000414729
354,1574294675.002849100,1574294676.203124520,-2.50,-12.57,0.00,-12.719660000,0.002268920,-89.388600000,0.008876936,1.829980000,0.000653452
355,1574294682.051482680,1574294683.251050950,-2.50,-15.07,0.00,-7.341200000,0.015948511,-60.986000000,0.092339049,0.520340000,0.007838240
356,1574294687.510664940,1574294688.710024830,-2.50,-17.57,0.00,-4.533420000,0.006588778,-42.715600000,0.052228345,-0.054560000,0.003970894
357,1574294693.485163210,1574294694.685699940,-2.50,-20.07,0.00,-3.156200000,0.003420526,-31.199600000,0.033827504,-0.351920000,0.001279453
358,1574294698.485143660,1574294699.684354780,-2.50,-22.57,0.00,-2.472720000,0.012984106,-23.689800000,0.163513608,-0.497000000,0.003847077
359,1574294703.943352220,1574294705.143249030,-2.50,-25.07,0.00,-2.167840000,0.001439792,-18.372780000,0.003711738,-0.713640000,0.001256185
360,1574294709.306825160,1574294710.507335660,-2.50,-27.57,0.00,-1.991440000,0.000350714,-14.576420000,0.000601664,-0.726140000,0.001388524
361,1574294715.410156250,1574294716.610452650,-2.50,-30.07,0.00,-1.919380000,0.000148324,-11.760480000,0.000311448,-0.729760000,0.000502991
362,1574294720.614302160,1574294721.814538000,-2.50,-32.57,0.00,-1.901240000,0.000230217,-9.616340000,0.000270185,-0.728540000,0.000427785
363,1574294726.549373630,1574294727.749415870,-2.50,-35.07,0.00,-1.912980000,0.000228035,-8.101200000,0.000212132,-0.725100000,0.000187083
364,1574294731.563017370,1574294732.762348650,-2.50,-37.57,0.00,-1.940880000,0.000238747,-6.851800000,0.000324037,-0.725260000,0.000622896
365,1574294737.308288100,1574294738.508557320,-2.50,-40.07,0.00,-1.978480000,0.000268328,-5.804600000,0.000234521,-0.721240000,0.000304959
366,1574294742.312742230,1574294743.512910370,-2.50,-42.57,0.00,-2.018800000,0.000200000,-4.970860000,0.000151658,-0.715920000,0.001013410
367,1574294748.332320690,1574294749.532217500,-2.50,-45.07,0.00,-2.056160000,0.000167332,-4.317200000,0.000308221,-0.712920000,0.000356371
368,1574294753.308711050,1574294754.509123320,-2.50,-47.57,0.00,-2.095600000,0.000200000,-3.768560000,0.000403733,-0.714620000,0.000697854
369,1574294763.849218840,1574294765.049054150,-2.50,-50.07,0.00,-2.134500000,0.000100000,-3.292160000,0.000181659,-0.709080000,0.000294958
370,1574294769.043554780,1574294770.244241240,-2.50,-52.57,0.00,-2.170500000,0.000282843,-2.887840000,0.000492950,-0.708260000,0.000743640
371,1574294774.794220450,1574294775.994647980,-2.50,-55.07,0.00,-2.204980000,0.000178885,-2.551740000,0.000054772,-0.708840000,0.000320936
372,1574294780.155884740,1574294781.356254580,-2.50,-57.57,0.00,-2.235460000,0.000378153,-2.265220000,0.000258844,-0.709660000,0.000384708
373,1574294786.656361580,1574294787.855548380,-2.50,-60.07,0.00,-2.264980000,0.000044721,-2.013100000,0.000418330,-0.707420000,0.000941807
374,1574294792.867854590,1574294794.067927360,-2.50,-62.57,0.00,-2.293300000,0.000273861,-1.791620000,0.000130384,-0.702160000,0.000384708
375,1574294798.972615720,1574294800.171934130,-2.50,-65.07,0.00,-2.317440000,0.000336155,-1.598980000,0.000148324,-0.701780000,0.000248998
376,1574294804.881362910,1574294806.081635470,-2.50,-67.57,0.00,-2.339640000,0.000270185,-1.431120000,0.000216795,-0.705740000,0.000378153
377,1574294812.413296220,1574294813.613401410,-2.50,-70.07,0.00,-2.361860000,0.000240832,-1.288660000,0.000089443,-0.703740000,0.000433590
378,1574294818.387647630,1574294819.587567810,-2.50,-72.57,0.00,-2.382920000,0.000303315,-1.150200000,0.000234521,-0.704420000,0.000327109
379,1574294825.909873960,1574294827.110294340,-2.50,-75.07,0.00,-2.399580000,0.000618061,-1.026880000,0.001420211,-0.703280000,0.000311448
380,1574294831.852620600,1574294833.051783080,-2.50,-77.57,0.00,-2.413140000,0.000456070,-0.919440000,0.000403733,-0.702460000,0.000397492
381,1574294838.314638140,1574294839.514517310,-2.50,-80.07,0.00,-2.427220000,0.000178885,-0.819020000,0.000130384,-0.701460000,0.000531977
382,1574294846.355265140,1574294847.555509570,-2.50,-82.57,0.00,-2.437360000,0.000167332,-0.730280000,0.000083666,-0.702320000,0.000130384
383,1574294852.076762680,1574294853.276585100,-2.50,-85.07,0.00,-2.449000000,0.000380789,-0.647960000,0.000167332,-0.703060000,0.000626897
384,1574294857.124451160,1574294858.326437950,-2.50,-87.57,0.00,-2.457780000,0.000349285,-0.577360000,0.000260768,-0.705580000,0.000998499
385,1574294863.518004890,1574294864.718040940,-2.50,-90.07,0.00,-2.465560000,0.000181659,-0.512720000,0.000258844,-0.704680000,0.000676018
386,1574294868.685191630,1574294869.885072710,-2.50,-92.57,0.00,-2.471520000,0.000248998,-0.452740000,0.000089443,-0.704000000,0.000774597
387,1574294876.716303820,1574294877.916077140,-2.50,-95.07,0.00,-2.474620000,0.000268328,-0.392240000,0.000181659,-0.702020000,0.000715542
388,1574294883.317959310,1574294884.517396930,-2.50,-97.57,0.00,-2.479920000,0.000192354,-0.340100000,0.000141421,-0.702460000,0.000250998
389,1574294889.998880390,1574294891.199030880,-2.50,-100.07,0.00,-2.482760000,0.000167332,-0.296280000,0.000192354,-0.699340000,0.000743640
390,1574294896.315477850,1574294897.515688900,-2.50,-102.57,0.00,-2.485940000,0.000207364,-0.254660000,0.000114018,-0.699620000,0.000327109
391,1574294902.340191360,1574294903.540156840,-2.50,-105.07,0.00,-2.487540000,0.000378153,-0.211820000,0.000303315,-0.694080000,0.000109545
392,1574294908.367929940,1574294909.568897250,-2.50,-107.57,0.00,-2.487500000,0.000360555,-0.179660000,0.000207364,-0.688320000,0.000356371
