0,1574287648.005118850,3657132448.005118850,0.00,-5.00,0.00,-2.218500000,-86.301000000,1.810200000,0.00,-12.57,0.00
0,1574287648.305347440,3657132448.305347440,0.00,-5.00,0.00,-2.217500000,-86.291000000,1.810400000,0.00,-12.57,0.00
0,1574287648.605558870,3657132448.605558870,0.00,-5.00,0.00,-2.217800000,-86.294000000,1.813500000,0.00,-12.57,0.00
0,1574287648.905775070,3657132448.905775070,0.00,-5.00,0.00,-2.217400000,-86.298000000,1.811800000,0.00,-12.57,0.00
0,1574287649.204990860,3657132449.204990860,0.00,-5.00,0.00,-2.218900000,-86.314000000,1.807200000,0.00,-12.57,0.00
1,1574287664.152369980,3657132464.152369980,0.00,-7.50,0.00,-2.227800000,-58.255000000,0.554800000,0.00,-15.07,0.00
1,1574287664.452710630,3657132464.452710630,0.00,-7.50,0.00,-2.227700000,-58.253000000,0.554100000,0.00,-15.07,0.00
1,1574287664.752458100,3657132464.752458090,0.00,-7.50,0.00,-2.227900000,-58.253000000,0.554100000,0.00,-15.07,0.00
1,1574287665.052672860,3657132465.052672860,0.00,-7.50,0.00,-2.227800000,-58.252000000,0.554800000,0.00,-15.07,0.00
1,1574287665.352907180,3657132465.352907180,0.00,-7.50,0.00,-2.228100000,-58.252000000,0.555100000,0.00,-15.07,0.00
2,1574287678.873498440,3657132478.873498440,0.00,-10.00,0.00,-2.194900000,-40.995000000,-0.025000000,0.00,-17.57,0.00
2,1574287679.173732280,3657132479.173732280,0.00,-10.00,0.00,-2.195500000,-40.993000000,-0.025300000,0.00,-17.57,0.00
2,1574287679.473942280,3657132479.473942280,0.00,-10.00,0.00,-2.195700000,-40.993000000,-0.025300000,0.00,-17.57,0.00
2,1574287679.774149420,3657132479.774149420,0.00,-10.00,0.00,-2.195800000,-40.991000000,-0.024500000,0.00,-17.57,0.00
2,1574287680.073347570,3657132480.073347570,0.00,-10.00,0.00,-2.195200000,-40.991000000,-0.025700000,0.00,-17.57,0.00
3,1574287689.114066600,3657132489.114066600,0.00,-12.50,0.00,-2.180700000,-30.053000000,-0.311500000,0.00,-20.07,0.00
3,1574287689.413791660,3657132489.413791660,0.00,-12.50,0.00,-2.181000000,-30.053000000,-0.312500000,0.00,-20.07,0.00
3,1574287689.713442330,3657132489.713442320,0.00,-12.50,0.00,-2.180800000,-30.052000000,-0.312700000,0.00,-20.07,0.00
3,1574287690.013646130,3657132490.013646120,0.00,-12.50,0.00,-2.180200000,-30.051000000,-0.313000000,0.00,-20.07,0.00
3,1574287690.313874720,3657132490.313874720,0.00,-12.50,0.00,-2.180200000,-30.052000000,-0.313000000,0.00,-20.07,0.00
4,1574287697.158835890,3657132497.158835890,0.00,-15.00,0.00,-2.175800000,-22.793000000,-0.462200000,0.00,-22.57,0.00
4,1574287697.458946700,3657132497.458946700,0.00,-15.00,0.00,-2.175800000,-22.794000000,-0.461800000,0.00,-22.57,0.00
4,1574287697.758767600,3657132497.758767600,0.00,-15.00,0.00,-2.176100000,-22.792000000,-0.462600000,0.00,-22.57,0.00
4,1574287698.058982370,3657132498.058982370,0.00,-15.00,0.00,-2.177000000,-22.792000000,-0.462400000,0.00,-22.57,0.00
4,1574287698.359200950,3657132498.359200950,0.00,-15.00,0.00,-2.177400000,-22.791000000,-0.463400000,0.00,-22.57,0.00
5,1574287705.524081710,3657132505.524081710,0.00,-17.50,0.00,-2.184700000,-17.790600000,-0.539200000,0.00,-25.07,0.00
5,1574287705.824483870,3657132505.824483870,0.00,-17.50,0.00,-2.184400000,-17.791000000,-0.538000000,0.00,-25.07,0.00
5,1574287706.123698230,3657132506.123698230,0.00,-17.50,0.00,-2.184300000,-17.790700000,-0.539400000,0.00,-25.07,0.00
5,1574287706.424282070,3657132506.424282070,0.00,-17.50,0.00,-2.184700000,-17.790800000,-0.538600000,0.00,-25.07,0.00
5,1574287706.724503040,3657132506.724503040,0.00,-17.50,0.00,-2.184700000,-17.790100000,-0.539400000,0.00,-25.07,0.00
6,1574287714.193158630,3657132514.193158630,0.00,-20.00,0.00,-2.197300000,-14.116800000,-0.576800000,0.00,-27.57,0.00
6,1574287714.492963310,3657132514.492963310,0.00,-20.00,0.00,-2.197100000,-14.115800000,-0.577500000,0.00,-27.57,0.00
6,1574287714.793459420,3657132514.793459410,0.00,-20.00,0.00,-2.197300000,-14.115400000,-0.577600000,0.00,-27.57,0.00
6,1574287715.093676090,3657132515.093676090,0.00,-20.00,0.00,-2.197200000,-14.115700000,-0.577600000,0.00,-27.57,0.00
6,1574287715.392886640,3657132515.392886640,0.00,-20.00,0.00,-2.197100000,-14.115700000,-0.578200000,0.00,-27.57,0.00
7,1574287727.273275370,3657132527.273275370,0.00,-22.50,0.00,-2.215000000,-11.436300000,-0.606500000,0.00,-30.07,0.00
7,1574287727.573354720,3657132527.573354720,0.00,-22.50,0.00,-2.215700000,-11.436700000,-0.606900000,0.00,-30.07,0.00
7,1574287727.872938630,3657132527.872938630,0.00,-22.50,0.00,-2.216200000,-11.437400000,-0.608400000,0.00,-30.07,0.00
7,1574287728.173154830,3657132528.173154830,0.00,-22.50,0.00,-2.217200000,-11.437600000,-0.608300000,0.00,-30.07,0.00
7,1574287728.473382000,3657132528.473382000,0.00,-22.50,0.00,-2.216400000,-11.437300000,-0.608200000,0.00,-30.07,0.00
8,1574287736.884746550,3657132536.884746550,0.00,-25.00,0.00,-2.233400000,-9.405500000,-0.619700000,0.00,-32.57,0.00
8,1574287737.183978560,3657132537.183978560,0.00,-25.00,0.00,-2.233700000,-9.405100000,-0.619500000,0.00,-32.57,0.00
8,1574287737.484525200,3657132537.484525200,0.00,-25.00,0.00,-2.233800000,-9.404800000,-0.619100000,0.00,-32.57,0.00
8,1574287737.784652230,3657132537.784652230,0.00,-25.00,0.00,-2.234000000,-9.405200000,-0.618700000,0.00,-32.57,0.00
8,1574287738.084869380,3657132538.084869380,0.00,-25.00,0.00,-2.234200000,-9.405000000,-0.619000000,0.00,-32.57,0.00
9,1574287751.876650330,3657132551.876650330,0.00,-27.50,0.00,-2.251600000,-7.828200000,-0.626200000,0.00,-35.07,0.00
9,1574287752.176848410,3657132552.176848410,0.00,-27.50,0.00,-2.251800000,-7.828200000,-0.626300000,0.00,-35.07,0.00
9,1574287752.476939200,3657132552.476939200,0.00,-27.50,0.00,-2.251800000,-7.828100000,-0.625900000,0.00,-35.07,0.00
9,1574287752.776294230,3657132552.776294230,0.00,-27.50,0.00,-2.251500000,-7.827700000,-0.626400000,0.00,-35.07,0.00
9,1574287753.076509950,3657132553.076509950,0.00,-27.50,0.00,-2.251400000,-7.827600000,-0.626800000,0.00,-35.07,0.00
10,1574287758.875173090,3657132558.875173090,0.00,-30.00,0.00,-2.269300000,-6.571700000,-0.632200000,0.00,-37.57,0.00
10,1574287759.174405570,3657132559.174405570,0.00,-30.00,0.00,-2.268200000,-6.574700000,-0.632100000,0.00,-37.57,0.00
10,1574287759.474616530,3657132559.474616530,0.00,-30.00,0.00,-2.266600000,-6.576900000,-0.631900000,0.00,-37.57,0.00
10,1574287759.774930480,3657132559.774930480,0.00,-30.00,0.00,-2.267100000,-6.578000000,-0.632300000,0.00,-37.57,0.00
10,1574287760.075128550,3657132560.075128550,0.00,-30.00,0.00,-2.268100000,-6.577300000,-0.632000000,0.00,-37.57,0.00
11,1574287766.912462710,3657132566.912462710,0.00,-32.50,0.00,-2.295000000,-5.576300000,-0.635100000,0.00,-40.07,0.00
11,1574287767.212678430,3657132567.212678430,0.00,-32.50,0.00,-2.295400000,-5.576600000,-0.635600000,0.00,-40.07,0.00
11,1574287767.513077260,3657132567.513077260,0.00,-32.50,0.00,-2.295600000,-5.576700000,-0.635700000,0.00,-40.07,0.00
11,1574287767.813298220,3657132567.813298220,0.00,-32.50,0.00,-2.295800000,-5.577300000,-0.636400000,0.00,-40.07,0.00
11,1574287768.112513540,3657132568.112513540,0.00,-32.50,0.00,-2.295500000,-5.577600000,-0.635900000,0.00,-40.07,0.00
12,1574287773.312827110,3657132573.312827110,0.00,-35.00,0.00,-2.311000000,-4.785200000,-0.638000000,0.00,-42.57,0.00
12,1574287773.613387110,3657132573.613387110,0.00,-35.00,0.00,-2.311100000,-4.777600000,-0.638400000,0.00,-42.57,0.00
12,1574287773.912938590,3657132573.912938590,0.00,-35.00,0.00,-2.311100000,-4.776800000,-0.638800000,0.00,-42.57,0.00
12,1574287774.213138100,3657132574.213138100,0.00,-35.00,0.00,-2.310800000,-4.777400000,-0.638200000,0.00,-42.57,0.00
12,1574287774.512821200,3657132574.512821200,0.00,-35.00,0.00,-2.310800000,-4.777800000,-0.638600000,0.00,-42.57,0.00
13,1574287786.967864040,3657132586.967864040,0.00,-37.50,0.00,-2.330400000,-4.104100000,-0.640700000,0.00,-45.07,0.00
13,1574287787.268079760,3657132587.268079760,0.00,-37.50,0.00,-2.330400000,-4.104300000,-0.640500000,0.00,-45.07,0.00
13,1574287787.568052290,3657132587.568052290,0.00,-37.50,0.00,-2.330700000,-4.104300000,-0.640700000,0.00,-45.07,0.00
13,1574287787.868254660,3657132587.868254660,0.00,-37.50,0.00,-2.330600000,-4.103800000,-0.640500000,0.00,-45.07,0.00
13,1574287788.168488030,3657132588.168488020,0.00,-37.50,0.00,-2.330200000,-4.103600000,-0.640100000,0.00,-45.07,0.00
14,1574287798.878750320,3657132598.878750320,0.00,-40.00,0.00,-2.346000000,-3.535000000,-0.640000000,0.00,-47.57,0.00
14,1574287799.177966120,3657132599.177966120,0.00,-40.00,0.00,-2.346600000,-3.535100000,-0.639700000,0.00,-47.57,0.00
14,1574287799.478176590,3657132599.478176590,0.00,-40.00,0.00,-2.346700000,-3.534900000,-0.639000000,0.00,-47.57,0.00
14,1574287799.778398040,3657132599.778398040,0.00,-40.00,0.00,-2.346600000,-3.535000000,-0.639200000,0.00,-47.57,0.00
14,1574287800.078596110,3657132600.078596110,0.00,-40.00,0.00,-2.346500000,-3.535200000,-0.638600000,0.00,-47.57,0.00
15,1574287800.378825190,3657132600.378825190,0.00,-40.00,0.00,-2.347100000,-3.535300000,-0.638600000,0.00,-47.57,0.00
15,1574287800.679040910,3657132600.679040910,0.00,-40.00,0.00,-2.346800000,-3.535400000,-0.638600000,0.00,-47.57,0.00
15,1574287800.979245190,3657132600.979245180,0.00,-40.00,0.00,-2.346900000,-3.535700000,-0.638300000,0.00,-47.57,0.00
15,1574287801.278924460,3657132601.278924460,0.00,-40.00,0.00,-2.346800000,-3.535700000,-0.638200000,0.00,-47.57,0.00
15,1574287801.579515460,3657132601.579515460,0.00,-40.00,0.00,-2.346900000,-3.535800000,-0.637700000,0.00,-47.57,0.00
16,1574287804.346928120,3657132604.346928120,0.00,-40.00,0.00,-2.347500000,-3.534800000,-0.637800000,0.00,-47.57,0.00
16,1574287804.647255900,3657132604.647255900,0.00,-40.00,0.00,-2.347100000,-3.535000000,-0.638000000,0.00,-47.57,0.00
16,1574287804.947458740,3657132604.947458740,0.00,-40.00,0.00,-2.347200000,-3.534900000,-0.637900000,0.00,-47.57,0.00
16,1574287805.247060300,3657132605.247060300,0.00,-40.00,0.00,-2.347100000,-3.535100000,-0.637600000,0.00,-47.57,0.00
16,1574287805.547401900,3657132605.547401900,0.00,-40.00,0.00,-2.347300000,-3.534800000,-0.636800000,0.00,-47.57,0.00
17,1574287805.918657300,3657132605.918657300,0.00,-40.00,0.00,-2.347400000,-3.535000000,-0.636700000,0.00,-47.57,0.00
17,1574287806.217888830,3657132606.217888830,0.00,-40.00,0.00,-2.347400000,-3.534600000,-0.635600000,0.00,-47.57,0.00
17,1574287806.518100260,3657132606.518100260,0.00,-40.00,0.00,-2.347600000,-3.534600000,-0.634900000,0.00,-47.57,0.00
17,1574287806.818688390,3657132606.818688390,0.00,-40.00,0.00,-2.347700000,-3.534600000,-0.635100000,0.00,-47.57,0.00
17,1574287807.117903710,3657132607.117903710,0.00,-40.00,0.00,-2.347500000,-3.534800000,-0.635400000,0.00,-47.57,0.00
18,1574287839.194445130,3657132639.194445130,0.00,-42.50,0.00,-2.365000000,-3.080900000,-0.643100000,0.00,-50.07,0.00
18,1574287839.494673250,3657132639.494673250,0.00,-42.50,0.00,-2.365000000,-3.081200000,-0.644000000,0.00,-50.07,0.00
18,1574287839.794409750,3657132639.794409750,0.00,-42.50,0.00,-2.364600000,-3.081200000,-0.644100000,0.00,-50.07,0.00
18,1574287840.094625950,3657132640.094625950,0.00,-42.50,0.00,-2.364000000,-3.081500000,-0.644100000,0.00,-50.07,0.00
18,1574287840.394955630,3657132640.394955630,0.00,-42.50,0.00,-2.363900000,-3.081800000,-0.644300000,0.00,-50.07,0.00
19,1574287850.241548540,3657132650.241548540,0.00,-45.00,0.00,-2.379300000,-2.664300000,-0.645200000,0.00,-52.57,0.00
19,1574287850.541491980,3657132650.541491980,0.00,-45.00,0.00,-2.379100000,-2.664300000,-0.645000000,0.00,-52.57,0.00
19,1574287850.841694830,3657132650.841694830,0.00,-45.00,0.00,-2.379300000,-2.664200000,-0.645600000,0.00,-52.57,0.00
19,1574287851.141911510,3657132651.141911510,0.00,-45.00,0.00,-2.379300000,-2.664200000,-0.645800000,0.00,-52.57,0.00
19,1574287851.442140100,3657132651.442140100,0.00,-45.00,0.00,-2.379300000,-2.664500000,-0.645700000,0.00,-52.57,0.00
20,1574287866.218294140,3657132666.218294140,0.00,-47.50,0.00,-2.396400000,-2.334400000,-0.648200000,0.00,-55.07,0.00
20,1574287866.518411640,3657132666.518411640,0.00,-47.50,0.00,-2.396500000,-2.334400000,-0.649000000,0.00,-55.07,0.00
20,1574287866.818616390,3657132666.818616390,0.00,-47.50,0.00,-2.396400000,-2.334400000,-0.650200000,0.00,-55.07,0.00
20,1574287867.117830750,3657132667.117830750,0.00,-47.50,0.00,-2.396400000,-2.334500000,-0.650400000,0.00,-55.07,0.00
20,1574287867.418059350,3657132667.418059350,0.00,-47.50,0.00,-2.396300000,-2.334600000,-0.649700000,0.00,-55.07,0.00
21,1574287882.213189120,3657132682.213189120,0.00,-50.00,0.00,-2.409100000,-2.044200000,-0.647200000,0.00,-57.57,0.00
21,1574287882.513554570,3657132682.513554570,0.00,-50.00,0.00,-2.409100000,-2.044000000,-0.647000000,0.00,-57.57,0.00
21,1574287882.812928200,3657132682.812928200,0.00,-50.00,0.00,-2.408600000,-2.043700000,-0.646600000,0.00,-57.57,0.00
21,1574287883.113162520,3657132683.113162520,0.00,-50.00,0.00,-2.408600000,-2.043900000,-0.646700000,0.00,-57.57,0.00
21,1574287883.413576130,3657132683.413576120,0.00,-50.00,0.00,-2.409000000,-2.043800000,-0.646600000,0.00,-57.57,0.00
22,1574287896.228624820,3657132696.228624820,0.00,-52.50,0.00,-2.422700000,-1.784100000,-0.653600000,0.00,-60.07,0.00
22,1574287896.528626920,3657132696.528626920,0.00,-52.50,0.00,-2.422200000,-1.783900000,-0.654100000,0.00,-60.07,0.00
22,1574287896.828197000,3657132696.828197000,0.00,-52.50,0.00,-2.422800000,-1.784000000,-0.653700000,0.00,-60.07,0.00
22,1574287897.128413200,3657132697.128413200,0.00,-52.50,0.00,-2.422600000,-1.784300000,-0.653000000,0.00,-60.07,0.00
22,1574287897.428224560,3657132697.428224560,0.00,-52.50,0.00,-2.422300000,-1.784100000,-0.653000000,0.00,-60.07,0.00
23,1574287906.058207990,3657132706.058207990,0.00,-55.00,0.00,-2.433800000,-1.564400000,-0.650800000,0.00,-62.57,0.00
23,1574287906.358520030,3657132706.358520030,0.00,-55.00,0.00,-2.434200000,-1.565000000,-0.650900000,0.00,-62.57,0.00
23,1574287906.658737180,3657132706.658737180,0.00,-55.00,0.00,-2.434500000,-1.565000000,-0.650700000,0.00,-62.57,0.00
23,1574287906.958940030,3657132706.958940030,0.00,-55.00,0.00,-2.434500000,-1.564900000,-0.651100000,0.00,-62.57,0.00
23,1574287907.259156230,3657132707.259156230,0.00,-55.00,0.00,-2.434300000,-1.565000000,-0.651200000,0.00,-62.57,0.00
24,1574287916.215129850,3657132716.215129850,0.00,-57.50,0.00,-2.444800000,-1.373300000,-0.651000000,0.00,-65.07,0.00
24,1574287916.514503960,3657132716.514503950,0.00,-57.50,0.00,-2.444900000,-1.373500000,-0.650400000,0.00,-65.07,0.00
24,1574287916.814908980,3657132716.814908980,0.00,-57.50,0.00,-2.445000000,-1.373700000,-0.650400000,0.00,-65.07,0.00
24,1574287917.115124700,3657132717.115124700,0.00,-57.50,0.00,-2.445000000,-1.373500000,-0.650500000,0.00,-65.07,0.00
24,1574287917.414335730,3657132717.414335730,0.00,-57.50,0.00,-2.444700000,-1.373400000,-0.650600000,0.00,-65.07,0.00
25,1574287927.979264740,3657132727.979264740,0.00,-60.00,0.00,-2.453200000,-1.201600000,-0.652200000,0.00,-67.57,0.00
25,1574287928.278496740,3657132728.278496740,0.00,-60.00,0.00,-2.453500000,-1.201400000,-0.652400000,0.00,-67.57,0.00
25,1574287928.578738690,3657132728.578738690,0.00,-60.00,0.00,-2.453600000,-1.201300000,-0.652500000,0.00,-67.57,0.00
25,1574287928.878959660,3657132728.878959650,0.00,-60.00,0.00,-2.454200000,-1.200900000,-0.652200000,0.00,-67.57,0.00
25,1574287929.179175380,3657132729.179175380,0.00,-60.00,0.00,-2.454100000,-1.201300000,-0.651700000,0.00,-67.57,0.00
26,1574287946.222976210,3657132746.222976210,0.00,-62.50,0.00,-2.462400000,-1.045400000,-0.651400000,0.00,-70.07,0.00
26,1574287946.523568630,3657132746.523568630,0.00,-62.50,0.00,-2.462500000,-1.045500000,-0.651200000,0.00,-70.07,0.00
26,1574287946.822786810,3657132746.822786810,0.00,-62.50,0.00,-2.462600000,-1.045500000,-0.650900000,0.00,-70.07,0.00
26,1574287947.122985360,3657132747.122985360,0.00,-62.50,0.00,-2.462000000,-1.045800000,-0.651100000,0.00,-70.07,0.00
26,1574287947.424202920,3657132747.424202920,0.00,-62.50,0.00,-2.462000000,-1.046000000,-0.651300000,0.00,-70.07,0.00
27,1574287956.247448920,3657132756.247448920,0.00,-65.00,0.00,-2.466900000,-0.906900000,-0.648400000,0.00,-72.57,0.00
27,1574287956.547089580,3657132756.547089580,0.00,-65.00,0.00,-2.467200000,-0.907400000,-0.647600000,0.00,-72.57,0.00
27,1574287956.847040180,3657132756.847040180,0.00,-65.00,0.00,-2.467200000,-0.907600000,-0.648200000,0.00,-72.57,0.00
27,1574287957.147240160,3657132757.147240160,0.00,-65.00,0.00,-2.467400000,-0.907300000,-0.648000000,0.00,-72.57,0.00
27,1574287957.447467800,3657132757.447467800,0.00,-65.00,0.00,-2.467100000,-0.907100000,-0.647800000,0.00,-72.57,0.00
28,1574287968.130472180,3657132768.130472180,0.00,-67.50,0.00,-2.475400000,-0.781100000,-0.646000000,0.00,-75.07,0.00
28,1574287968.431012150,3657132768.431012150,0.00,-67.50,0.00,-2.475400000,-0.781600000,-0.646200000,0.00,-75.07,0.00
28,1574287968.731233120,3657132768.731233120,0.00,-67.50,0.00,-2.475200000,-0.781500000,-0.646000000,0.00,-75.07,0.00
28,1574287969.031432630,3657132769.031432630,0.00,-67.50,0.00,-2.475400000,-0.781500000,-0.646900000,0.00,-75.07,0.00
28,1574287969.331834790,3657132769.331834790,0.00,-67.50,0.00,-2.475000000,-0.781900000,-0.646800000,0.00,-75.07,0.00
29,1574287978.367635730,3657132778.367635730,0.00,-70.00,0.00,-2.480700000,-0.674200000,-0.648300000,0.00,-77.57,0.00
29,1574287978.667862890,3657132778.667862890,0.00,-70.00,0.00,-2.480700000,-0.673500000,-0.648300000,0.00,-77.57,0.00
29,1574287978.967149730,3657132778.967149730,0.00,-70.00,0.00,-2.480800000,-0.673100000,-0.648200000,0.00,-77.57,0.00
29,1574287979.267382140,3657132779.267382140,0.00,-70.00,0.00,-2.481100000,-0.673300000,-0.648000000,0.00,-77.57,0.00
29,1574287979.567152980,3657132779.567152980,0.00,-70.00,0.00,-2.480900000,-0.673000000,-0.648200000,0.00,-77.57,0.00
30,1574287997.231198310,3657132797.231198310,0.00,-72.50,0.00,-2.486700000,-0.571900000,-0.650000000,0.00,-80.07,0.00
30,1574287997.530409340,3657132797.530409340,0.00,-72.50,0.00,-2.486700000,-0.571900000,-0.649900000,0.00,-80.07,0.00
30,1574287997.830705640,3657132797.830705640,0.00,-72.50,0.00,-2.486900000,-0.571600000,-0.649800000,0.00,-80.07,0.00
30,1574287998.130922320,3657132798.130922320,0.00,-72.50,0.00,-2.486900000,-0.571500000,-0.650500000,0.00,-80.07,0.00
30,1574287998.431149960,3657132798.431149960,0.00,-72.50,0.00,-2.486700000,-0.571200000,-0.651600000,0.00,-80.07,0.00
31,1574288008.233377460,3657132808.233377460,0.00,-75.00,0.00,-2.490300000,-0.484200000,-0.652100000,0.00,-82.57,0.00
31,1574288008.532543180,3657132808.532543180,0.00,-75.00,0.00,-2.490100000,-0.484200000,-0.651800000,0.00,-82.57,0.00
31,1574288008.833144660,3657132808.833144660,0.00,-75.00,0.00,-2.489600000,-0.484300000,-0.651400000,0.00,-82.57,0.00
31,1574288009.133378030,3657132809.133378030,0.00,-75.00,0.00,-2.489600000,-0.484500000,-0.650900000,0.00,-82.57,0.00
31,1574288009.432713510,3657132809.432713510,0.00,-75.00,0.00,-2.489300000,-0.484500000,-0.651200000,0.00,-82.57,0.00
32,1574288025.260772230,3657132825.260772230,0.00,-77.50,0.00,-2.491900000,-0.395500000,-0.651100000,0.00,-85.07,0.00
32,1574288025.560776230,3657132825.560776230,0.00,-77.50,0.00,-2.491800000,-0.395600000,-0.651200000,0.00,-85.07,0.00
32,1574288025.860996720,3657132825.860996720,0.00,-77.50,0.00,-2.492000000,-0.395900000,-0.650800000,0.00,-85.07,0.00
32,1574288026.161214830,3657132826.161214830,0.00,-77.50,0.00,-2.492200000,-0.395900000,-0.650600000,0.00,-85.07,0.00
32,1574288026.461535930,3657132826.461535930,0.00,-77.50,0.00,-2.492200000,-0.395900000,-0.650100000,0.00,-85.07,0.00
33,1574288039.384652140,3657132839.384652140,0.00,-80.00,0.00,-2.495200000,-0.328800000,-0.653600000,0.00,-87.57,0.00
33,1574288039.684690000,3657132839.684690000,0.00,-80.00,0.00,-2.494900000,-0.328500000,-0.653400000,0.00,-87.57,0.00
33,1574288039.984069820,3657132839.984069820,0.00,-80.00,0.00,-2.494500000,-0.327900000,-0.653000000,0.00,-87.57,0.00
33,1574288040.284281250,3657132840.284281250,0.00,-80.00,0.00,-2.494500000,-0.328000000,-0.652300000,0.00,-87.57,0.00
33,1574288040.584496970,3657132840.584496970,0.00,-80.00,0.00,-2.494400000,-0.327700000,-0.652800000,0.00,-87.57,0.00
34,1574288050.228875160,3657132850.228875160,0.00,-82.50,0.00,-2.496700000,-0.261800000,-0.651000000,0.00,-90.07,0.00
34,1574288050.528200150,3657132850.528200150,0.00,-82.50,0.00,-2.496800000,-0.262100000,-0.649900000,0.00,-90.07,0.00
34,1574288050.828422070,3657132850.828422070,0.00,-82.50,0.00,-2.496800000,-0.261900000,-0.649600000,0.00,-90.07,0.00
34,1574288051.128637310,3657132851.128637310,0.00,-82.50,0.00,-2.496400000,-0.261600000,-0.649900000,0.00,-90.07,0.00
34,1574288051.428558350,3657132851.428558350,0.00,-82.50,0.00,-2.496000000,-0.261600000,-0.650100000,0.00,-90.07,0.00
35,1574288065.228790760,3657132865.228790760,0.00,-85.00,0.00,-2.496300000,-0.197400000,-0.651700000,0.00,-92.57,0.00
35,1574288065.529123310,3657132865.529123310,0.00,-85.00,0.00,-2.496500000,-0.197500000,-0.651400000,0.00,-92.57,0.00
35,1574288065.828448770,3657132865.828448770,0.00,-85.00,0.00,-2.496500000,-0.197500000,-0.651200000,0.00,-92.57,0.00
35,1574288066.128664490,3657132866.128664490,0.00,-85.00,0.00,-2.496600000,-0.198000000,-0.651400000,0.00,-92.57,0.00
35,1574288066.428396700,3657132866.428396700,0.00,-85.00,0.00,-2.496700000,-0.198000000,-0.651900000,0.00,-92.57,0.00
36,1574288078.371994020,3657132878.371994020,0.00,-87.50,0.00,-2.496400000,-0.138500000,-0.653500000,0.00,-95.07,0.00
36,1574288078.671596530,3657132878.671596530,0.00,-87.50,0.00,-2.495900000,-0.138400000,-0.652800000,0.00,-95.07,0.00
36,1574288078.971798900,3657132878.971798900,0.00,-87.50,0.00,-2.495600000,-0.138400000,-0.651900000,0.00,-95.07,0.00
36,1574288079.272015570,3657132879.272015570,0.00,-87.50,0.00,-2.495700000,-0.138400000,-0.651700000,0.00,-95.07,0.00
36,1574288079.571837900,3657132879.571837900,0.00,-87.50,0.00,-2.495700000,-0.138300000,-0.652100000,0.00,-95.07,0.00
37,1574288088.249698640,3657132888.249698640,0.00,-90.00,0.00,-2.496200000,-0.085500000,-0.649600000,0.00,-97.57,0.00
37,1574288088.549921510,3657132888.549921510,0.00,-90.00,0.00,-2.496000000,-0.085500000,-0.649600000,0.00,-97.57,0.00
37,1574288088.850140090,3657132888.850140090,0.00,-90.00,0.00,-2.495400000,-0.085500000,-0.650000000,0.00,-97.57,0.00
37,1574288089.150338650,3657132889.150338650,0.00,-90.00,0.00,-2.495400000,-0.085200000,-0.650600000,0.00,-97.57,0.00
37,1574288089.450984950,3657132889.450984950,0.00,-90.00,0.00,-2.495300000,-0.085400000,-0.650900000,0.00,-97.57,0.00
38,1574288100.226030830,3657132900.226030830,0.00,-92.50,0.00,-2.495100000,-0.045600000,-0.645400000,0.00,-100.07,0.00
38,1574288100.526390080,3657132900.526390070,0.00,-92.50,0.00,-2.495000000,-0.045400000,-0.645300000,0.00,-100.07,0.00
38,1574288100.826114180,3657132900.826114180,0.00,-92.50,0.00,-2.495000000,-0.045900000,-0.645200000,0.00,-100.07,0.00
38,1574288101.126329900,3657132901.126329900,0.00,-92.50,0.00,-2.495200000,-0.045800000,-0.645800000,0.00,-100.07,0.00
38,1574288101.426545620,3657132901.426545620,0.00,-92.50,0.00,-2.495100000,-0.045900000,-0.645800000,0.00,-100.07,0.00
39,1574288112.218984130,3657132912.218984130,0.00,-95.00,0.00,-2.494200000,-0.000200000,-0.643900000,0.00,-102.57,0.00
39,1574288112.519173620,3657132912.519173620,0.00,-95.00,0.00,-2.494700000,-0.000300000,-0.643900000,0.00,-102.57,0.00
39,1574288112.819394590,3657132912.819394590,0.00,-95.00,0.00,-2.494400000,0.000000000,-0.643300000,0.00,-102.57,0.00
39,1574288113.119593140,3657132913.119593140,0.00,-95.00,0.00,-2.494100000,0.000000000,-0.643300000,0.00,-102.57,0.00
39,1574288113.419826510,3657132913.419826510,0.00,-95.00,0.00,-2.494200000,-0.000100000,-0.643200000,0.00,-102.57,0.00
40,1574288128.097084040,3657132928.097084040,0.00,-97.50,0.00,-2.492600000,0.034800000,-0.643200000,0.00,-105.07,0.00
40,1574288128.397527220,3657132928.397527220,0.00,-97.50,0.00,-2.492600000,0.034500000,-0.643600000,0.00,-105.07,0.00
40,1574288128.697235580,3657132928.697235580,0.00,-97.50,0.00,-2.492500000,0.034300000,-0.643500000,0.00,-105.07,0.00
40,1574288128.997551920,3657132928.997551920,0.00,-97.50,0.00,-2.492900000,0.034300000,-0.643800000,0.00,-105.07,0.00
40,1574288129.298013690,3657132929.298013690,0.00,-97.50,0.00,-2.493200000,0.034000000,-0.643900000,0.00,-105.07,0.00
41,1574288139.234001640,3657132939.234001640,0.00,-100.00,0.00,-2.490500000,0.068600000,-0.641700000,0.00,-107.57,0.00
41,1574288139.533374310,3657132939.533374310,0.00,-100.00,0.00,-2.490400000,0.068500000,-0.641100000,0.00,-107.57,0.00
41,1574288139.833595750,3657132939.833595750,0.00,-100.00,0.00,-2.490700000,0.068400000,-0.641100000,0.00,-107.57,0.00
41,1574288140.133811000,3657132940.133811000,0.00,-100.00,0.00,-2.490500000,0.068400000,-0.641000000,0.00,-107.57,0.00
41,1574288140.434027190,3657132940.434027190,0.00,-100.00,0.00,-2.490400000,0.068600000,-0.640800000,0.00,-107.57,0.00
